--------------------------------------------------------
--  File created - Tuesday-November-03-2015   
--------------------------------------------------------
--------------------------------------------------------
--  DDL for Table AUTHOR
--------------------------------------------------------

  CREATE TABLE "AAGRAWA6"."AUTHOR" 
   (	"AUTHORID" NUMBER(10,0), 
	"AUTHORNAME" VARCHAR2(40 BYTE)
   ) SEGMENT CREATION IMMEDIATE 
  PCTFREE 10 PCTUSED 40 INITRANS 1 MAXTRANS 255 NOCOMPRESS LOGGING
  STORAGE(INITIAL 65536 NEXT 1048576 MINEXTENTS 1 MAXEXTENTS 2147483645
  PCTINCREASE 0 FREELISTS 1 FREELIST GROUPS 1 BUFFER_POOL DEFAULT FLASH_CACHE DEFAULT CELL_FLASH_CACHE DEFAULT)
  TABLESPACE "USERS" ;
--------------------------------------------------------
--  DDL for Table BOOK
--------------------------------------------------------

  CREATE TABLE "AAGRAWA6"."BOOK" 
   (	"ISBN" VARCHAR2(20 BYTE), 
	"TITLE" VARCHAR2(50 BYTE), 
	"EDITION" VARCHAR2(20 BYTE), 
	"YEAR" VARCHAR2(10 BYTE), 
	"PUBLISHER" VARCHAR2(30 BYTE), 
	"LIBRARYID" NUMBER(10,0), 
	"CATEGORYID" NUMBER(10,0), 
	"RESOURCEID" NUMBER(10,0), 
	"ECOPY" CHAR(1 BYTE), 
	"NUMBEROFCOPIES" NUMBER(10,0), 
	"AVAILABLECOPIES" NUMBER(10,0)
   ) SEGMENT CREATION IMMEDIATE 
  PCTFREE 10 PCTUSED 40 INITRANS 1 MAXTRANS 255 NOCOMPRESS LOGGING
  STORAGE(INITIAL 65536 NEXT 1048576 MINEXTENTS 1 MAXEXTENTS 2147483645
  PCTINCREASE 0 FREELISTS 1 FREELIST GROUPS 1 BUFFER_POOL DEFAULT FLASH_CACHE DEFAULT CELL_FLASH_CACHE DEFAULT)
  TABLESPACE "USERS" ;
--------------------------------------------------------
--  DDL for Table BOOKAUTHOR
--------------------------------------------------------

  CREATE TABLE "AAGRAWA6"."BOOKAUTHOR" 
   (	"ISBN" VARCHAR2(20 BYTE), 
	"AUTHORID" NUMBER(10,0)
   ) SEGMENT CREATION IMMEDIATE 
  PCTFREE 10 PCTUSED 40 INITRANS 1 MAXTRANS 255 NOCOMPRESS LOGGING
  STORAGE(INITIAL 65536 NEXT 1048576 MINEXTENTS 1 MAXEXTENTS 2147483645
  PCTINCREASE 0 FREELISTS 1 FREELIST GROUPS 1 BUFFER_POOL DEFAULT FLASH_CACHE DEFAULT CELL_FLASH_CACHE DEFAULT)
  TABLESPACE "USERS" ;
--------------------------------------------------------
--  DDL for Table BOOKRESERVED
--------------------------------------------------------

  CREATE TABLE "AAGRAWA6"."BOOKRESERVED" 
   (	"ISBN" VARCHAR2(20 BYTE), 
	"FACULTYNUMBER" VARCHAR2(20 BYTE), 
	"COURSENAME" VARCHAR2(20 BYTE), 
	"RESSTARTTIME" DATE, 
	"RESENDTIME" DATE
   ) SEGMENT CREATION IMMEDIATE 
  PCTFREE 10 PCTUSED 40 INITRANS 1 MAXTRANS 255 NOCOMPRESS LOGGING
  STORAGE(INITIAL 65536 NEXT 1048576 MINEXTENTS 1 MAXEXTENTS 2147483645
  PCTINCREASE 0 FREELISTS 1 FREELIST GROUPS 1 BUFFER_POOL DEFAULT FLASH_CACHE DEFAULT CELL_FLASH_CACHE DEFAULT)
  TABLESPACE "USERS" ;
--------------------------------------------------------
--  DDL for Table CAMERA
--------------------------------------------------------

  CREATE TABLE "AAGRAWA6"."CAMERA" 
   (	"CAMERAID" VARCHAR2(20 BYTE), 
	"LIBRARYID" NUMBER(10,0), 
	"CATEGORYID" NUMBER(10,0), 
	"MANUFACTURER" VARCHAR2(20 BYTE), 
	"MODEL" VARCHAR2(20 BYTE), 
	"CONFIGURATION" VARCHAR2(50 BYTE), 
	"MEMORYAVAILABLE" VARCHAR2(20 BYTE)
   ) SEGMENT CREATION IMMEDIATE 
  PCTFREE 10 PCTUSED 40 INITRANS 1 MAXTRANS 255 NOCOMPRESS LOGGING
  STORAGE(INITIAL 65536 NEXT 1048576 MINEXTENTS 1 MAXEXTENTS 2147483645
  PCTINCREASE 0 FREELISTS 1 FREELIST GROUPS 1 BUFFER_POOL DEFAULT FLASH_CACHE DEFAULT CELL_FLASH_CACHE DEFAULT)
  TABLESPACE "USERS" ;
--------------------------------------------------------
--  DDL for Table CAMERACHECKOUT
--------------------------------------------------------

  CREATE TABLE "AAGRAWA6"."CAMERACHECKOUT" 
   (	"RESERVATIONID" NUMBER(10,0), 
	"CHECKINTIME" TIMESTAMP (6), 
	"CHECKOUTTIME" TIMESTAMP (6)
   ) SEGMENT CREATION IMMEDIATE 
  PCTFREE 10 PCTUSED 40 INITRANS 1 MAXTRANS 255 NOCOMPRESS LOGGING
  STORAGE(INITIAL 65536 NEXT 1048576 MINEXTENTS 1 MAXEXTENTS 2147483645
  PCTINCREASE 0 FREELISTS 1 FREELIST GROUPS 1 BUFFER_POOL DEFAULT FLASH_CACHE DEFAULT CELL_FLASH_CACHE DEFAULT)
  TABLESPACE "USERS" ;
--------------------------------------------------------
--  DDL for Table CAMERACHECKOUTLOG
--------------------------------------------------------

  CREATE TABLE "AAGRAWA6"."CAMERACHECKOUTLOG" 
   (	"RESERVATIONID" NUMBER(10,0), 
	"CAMERAID" VARCHAR2(10 BYTE), 
	"CHECKINTIME" TIMESTAMP (6), 
	"CHECKOUTTIME" TIMESTAMP (6), 
	"ENDTIME" TIMESTAMP (6), 
	"STUDENTNUMBER" VARCHAR2(10 BYTE), 
	"FACULTYNUMBER" VARCHAR2(10 BYTE), 
	"FINE" NUMBER(10,0)
   ) SEGMENT CREATION IMMEDIATE 
  PCTFREE 10 PCTUSED 40 INITRANS 1 MAXTRANS 255 NOCOMPRESS LOGGING
  STORAGE(INITIAL 65536 NEXT 1048576 MINEXTENTS 1 MAXEXTENTS 2147483645
  PCTINCREASE 0 FREELISTS 1 FREELIST GROUPS 1 BUFFER_POOL DEFAULT FLASH_CACHE DEFAULT CELL_FLASH_CACHE DEFAULT)
  TABLESPACE "USERS" ;
--------------------------------------------------------
--  DDL for Table CAMERAQUEUE
--------------------------------------------------------

  CREATE TABLE "AAGRAWA6"."CAMERAQUEUE" 
   (	"CAMERAID" VARCHAR2(10 BYTE), 
	"QUEUENO" NUMBER(10,0), 
	"STARTTIME" TIMESTAMP (6), 
	"ENDTIME" TIMESTAMP (6), 
	"STUDENTNUMBER" VARCHAR2(10 BYTE), 
	"FACULTYNUMBER" VARCHAR2(10 BYTE)
   ) SEGMENT CREATION IMMEDIATE 
  PCTFREE 10 PCTUSED 40 INITRANS 1 MAXTRANS 255 NOCOMPRESS LOGGING
  STORAGE(INITIAL 65536 NEXT 1048576 MINEXTENTS 1 MAXEXTENTS 2147483645
  PCTINCREASE 0 FREELISTS 1 FREELIST GROUPS 1 BUFFER_POOL DEFAULT FLASH_CACHE DEFAULT CELL_FLASH_CACHE DEFAULT)
  TABLESPACE "USERS" ;
--------------------------------------------------------
--  DDL for Table CAMERARESERVATION
--------------------------------------------------------

  CREATE TABLE "AAGRAWA6"."CAMERARESERVATION" 
   (	"RESERVATIONID" NUMBER(10,0), 
	"CAMERAID" VARCHAR2(10 BYTE), 
	"STARTTIME" TIMESTAMP (6), 
	"ENDTIME" TIMESTAMP (6), 
	"STUDENTNUMBER" VARCHAR2(10 BYTE), 
	"FACULTYNUMBER" VARCHAR2(10 BYTE)
   ) SEGMENT CREATION IMMEDIATE 
  PCTFREE 10 PCTUSED 40 INITRANS 1 MAXTRANS 255 NOCOMPRESS LOGGING
  STORAGE(INITIAL 65536 NEXT 1048576 MINEXTENTS 1 MAXEXTENTS 2147483645
  PCTINCREASE 0 FREELISTS 1 FREELIST GROUPS 1 BUFFER_POOL DEFAULT FLASH_CACHE DEFAULT CELL_FLASH_CACHE DEFAULT)
  TABLESPACE "USERS" ;
--------------------------------------------------------
--  DDL for Table CHECKOUT
--------------------------------------------------------

  CREATE TABLE "AAGRAWA6"."CHECKOUT" 
   (	"RESOURCEID" NUMBER(10,0), 
	"CHECKOUTTIME" TIMESTAMP (6), 
	"RESERVEDUPTO" TIMESTAMP (6), 
	"CHECKINTIME" TIMESTAMP (6), 
	"STUDENTNUMBER" VARCHAR2(10 BYTE), 
	"FACULTYNUMBER" VARCHAR2(10 BYTE), 
	"TYPEPUB" VARCHAR2(10 BYTE), 
	"NAMEPUB" VARCHAR2(10 BYTE)
   ) SEGMENT CREATION IMMEDIATE 
  PCTFREE 10 PCTUSED 40 INITRANS 1 MAXTRANS 255 NOCOMPRESS LOGGING
  STORAGE(INITIAL 65536 NEXT 1048576 MINEXTENTS 1 MAXEXTENTS 2147483645
  PCTINCREASE 0 FREELISTS 1 FREELIST GROUPS 1 BUFFER_POOL DEFAULT FLASH_CACHE DEFAULT CELL_FLASH_CACHE DEFAULT)
  TABLESPACE "USERS" ;
--------------------------------------------------------
--  DDL for Table CHECKOUTLOG
--------------------------------------------------------

  CREATE TABLE "AAGRAWA6"."CHECKOUTLOG" 
   (	"RESOURCEID" NUMBER(10,0), 
	"CHECKOUTTIME" TIMESTAMP (6), 
	"RESERVEDUPTO" TIMESTAMP (6), 
	"CHECKINTIME" TIMESTAMP (6), 
	"STUDENTNUMBER" VARCHAR2(10 BYTE), 
	"FACULTYNUMBER" VARCHAR2(10 BYTE), 
	"FINE" NUMBER(10,0), 
	"TYPEPUB" VARCHAR2(20 BYTE), 
	"NAMEPUB" VARCHAR2(20 BYTE)
   ) SEGMENT CREATION IMMEDIATE 
  PCTFREE 10 PCTUSED 40 INITRANS 1 MAXTRANS 255 NOCOMPRESS LOGGING
  STORAGE(INITIAL 65536 NEXT 1048576 MINEXTENTS 1 MAXEXTENTS 2147483645
  PCTINCREASE 0 FREELISTS 1 FREELIST GROUPS 1 BUFFER_POOL DEFAULT FLASH_CACHE DEFAULT CELL_FLASH_CACHE DEFAULT)
  TABLESPACE "USERS" ;
--------------------------------------------------------
--  DDL for Table CHECKOUTROOM
--------------------------------------------------------

  CREATE TABLE "AAGRAWA6"."CHECKOUTROOM" 
   (	"RESERVATIONID" NUMBER(10,0), 
	"CHECKINTIME" TIMESTAMP (6), 
	"CHECKOUTTIME" TIMESTAMP (6)
   ) SEGMENT CREATION IMMEDIATE 
  PCTFREE 10 PCTUSED 40 INITRANS 1 MAXTRANS 255 NOCOMPRESS LOGGING
  STORAGE(INITIAL 65536 NEXT 1048576 MINEXTENTS 1 MAXEXTENTS 2147483645
  PCTINCREASE 0 FREELISTS 1 FREELIST GROUPS 1 BUFFER_POOL DEFAULT FLASH_CACHE DEFAULT CELL_FLASH_CACHE DEFAULT)
  TABLESPACE "USERS" ;
--------------------------------------------------------
--  DDL for Table CHECKOUTROOMLOG
--------------------------------------------------------

  CREATE TABLE "AAGRAWA6"."CHECKOUTROOMLOG" 
   (	"RESERVATIONID" NUMBER(10,0), 
	"ROOMID" NUMBER(10,0), 
	"STARTTIME" TIMESTAMP (6), 
	"ENDTIME" TIMESTAMP (6), 
	"CHECKINTIME" TIMESTAMP (6), 
	"CHECKOUTTIME" TIMESTAMP (6), 
	"STUDENTNUMBER" VARCHAR2(10 BYTE), 
	"FACULTYNUMBER" VARCHAR2(10 BYTE)
   ) SEGMENT CREATION IMMEDIATE 
  PCTFREE 10 PCTUSED 40 INITRANS 1 MAXTRANS 255 NOCOMPRESS LOGGING
  STORAGE(INITIAL 65536 NEXT 1048576 MINEXTENTS 1 MAXEXTENTS 2147483645
  PCTINCREASE 0 FREELISTS 1 FREELIST GROUPS 1 BUFFER_POOL DEFAULT FLASH_CACHE DEFAULT CELL_FLASH_CACHE DEFAULT)
  TABLESPACE "USERS" ;
--------------------------------------------------------
--  DDL for Table CHECKOUTWAIT
--------------------------------------------------------

  CREATE TABLE "AAGRAWA6"."CHECKOUTWAIT" 
   (	"RESOURCEID" NUMBER(10,0), 
	"TIMESTAMP" TIMESTAMP (6), 
	"STUDENTNUMBER" VARCHAR2(10 BYTE), 
	"FACULTYNUMBER" VARCHAR2(10 BYTE), 
	"RESERVEDUPTO" TIMESTAMP (6), 
	"TYPEPUB" VARCHAR2(20 BYTE), 
	"NAMEPUB" VARCHAR2(20 BYTE)
   ) SEGMENT CREATION IMMEDIATE 
  PCTFREE 10 PCTUSED 40 INITRANS 1 MAXTRANS 255 NOCOMPRESS LOGGING
  STORAGE(INITIAL 65536 NEXT 1048576 MINEXTENTS 1 MAXEXTENTS 2147483645
  PCTINCREASE 0 FREELISTS 1 FREELIST GROUPS 1 BUFFER_POOL DEFAULT FLASH_CACHE DEFAULT CELL_FLASH_CACHE DEFAULT)
  TABLESPACE "USERS" ;
--------------------------------------------------------
--  DDL for Table CONFERENCE
--------------------------------------------------------

  CREATE TABLE "AAGRAWA6"."CONFERENCE" 
   (	"CONFERENCENUMBER" VARCHAR2(20 BYTE), 
	"TITLE" VARCHAR2(200 BYTE), 
	"YEAR" VARCHAR2(10 BYTE), 
	"LIBRARYID" NUMBER(10,0), 
	"CATEGORYID" NUMBER(10,0), 
	"RESOURCEID" NUMBER(10,0), 
	"ECOPY" CHAR(1 BYTE), 
	"CONFERENCENAME" VARCHAR2(20 BYTE), 
	"NUMBEROFCOPIES" NUMBER(10,0), 
	"AVAILABLECOPIES" NUMBER(10,0)
   ) SEGMENT CREATION IMMEDIATE 
  PCTFREE 10 PCTUSED 40 INITRANS 1 MAXTRANS 255 NOCOMPRESS LOGGING
  STORAGE(INITIAL 65536 NEXT 1048576 MINEXTENTS 1 MAXEXTENTS 2147483645
  PCTINCREASE 0 FREELISTS 1 FREELIST GROUPS 1 BUFFER_POOL DEFAULT FLASH_CACHE DEFAULT CELL_FLASH_CACHE DEFAULT)
  TABLESPACE "USERS" ;
--------------------------------------------------------
--  DDL for Table CONFERENCEAUTHOR
--------------------------------------------------------

  CREATE TABLE "AAGRAWA6"."CONFERENCEAUTHOR" 
   (	"CONFERENCENUMBER" VARCHAR2(20 BYTE), 
	"AUTHORID" NUMBER(10,0)
   ) SEGMENT CREATION IMMEDIATE 
  PCTFREE 10 PCTUSED 40 INITRANS 1 MAXTRANS 255 NOCOMPRESS LOGGING
  STORAGE(INITIAL 65536 NEXT 1048576 MINEXTENTS 1 MAXEXTENTS 2147483645
  PCTINCREASE 0 FREELISTS 1 FREELIST GROUPS 1 BUFFER_POOL DEFAULT FLASH_CACHE DEFAULT CELL_FLASH_CACHE DEFAULT)
  TABLESPACE "USERS" ;
--------------------------------------------------------
--  DDL for Table COURSES
--------------------------------------------------------

  CREATE TABLE "AAGRAWA6"."COURSES" 
   (	"COURSENAME" VARCHAR2(20 BYTE), 
	"COURSEDESCRIPTION" VARCHAR2(50 BYTE)
   ) SEGMENT CREATION IMMEDIATE 
  PCTFREE 10 PCTUSED 40 INITRANS 1 MAXTRANS 255 NOCOMPRESS LOGGING
  STORAGE(INITIAL 65536 NEXT 1048576 MINEXTENTS 1 MAXEXTENTS 2147483645
  PCTINCREASE 0 FREELISTS 1 FREELIST GROUPS 1 BUFFER_POOL DEFAULT FLASH_CACHE DEFAULT CELL_FLASH_CACHE DEFAULT)
  TABLESPACE "USERS" ;
--------------------------------------------------------
--  DDL for Table COURSESTAKEN
--------------------------------------------------------

  CREATE TABLE "AAGRAWA6"."COURSESTAKEN" 
   (	"STUDENTNUMBER" VARCHAR2(10 BYTE), 
	"COURSENAME" VARCHAR2(20 BYTE)
   ) SEGMENT CREATION IMMEDIATE 
  PCTFREE 10 PCTUSED 40 INITRANS 1 MAXTRANS 255 NOCOMPRESS LOGGING
  STORAGE(INITIAL 65536 NEXT 1048576 MINEXTENTS 1 MAXEXTENTS 2147483645
  PCTINCREASE 0 FREELISTS 1 FREELIST GROUPS 1 BUFFER_POOL DEFAULT FLASH_CACHE DEFAULT CELL_FLASH_CACHE DEFAULT)
  TABLESPACE "USERS" ;
--------------------------------------------------------
--  DDL for Table COURSESTEACHES
--------------------------------------------------------

  CREATE TABLE "AAGRAWA6"."COURSESTEACHES" 
   (	"FACULTYNUMBER" VARCHAR2(10 BYTE), 
	"COURSENAME" VARCHAR2(20 BYTE)
   ) SEGMENT CREATION IMMEDIATE 
  PCTFREE 10 PCTUSED 40 INITRANS 1 MAXTRANS 255 NOCOMPRESS LOGGING
  STORAGE(INITIAL 65536 NEXT 1048576 MINEXTENTS 1 MAXEXTENTS 2147483645
  PCTINCREASE 0 FREELISTS 1 FREELIST GROUPS 1 BUFFER_POOL DEFAULT FLASH_CACHE DEFAULT CELL_FLASH_CACHE DEFAULT)
  TABLESPACE "USERS" ;
--------------------------------------------------------
--  DDL for Table ECOPYCHECKOUT
--------------------------------------------------------

  CREATE TABLE "AAGRAWA6"."ECOPYCHECKOUT" 
   (	"STUDENTNUMBER" VARCHAR2(10 BYTE), 
	"FACULTYNUMBER" VARCHAR2(10 BYTE), 
	"RESOURCEID" NUMBER(*,0), 
	"CHECKOUTTIME" TIMESTAMP (6), 
	"TYPEOFPUBLICATON" VARCHAR2(10 BYTE), 
	"NAMEOFPUB" VARCHAR2(10 BYTE)
   ) SEGMENT CREATION DEFERRED 
  PCTFREE 10 PCTUSED 40 INITRANS 1 MAXTRANS 255 NOCOMPRESS LOGGING
  TABLESPACE "USERS" ;
--------------------------------------------------------
--  DDL for Table EPUBLICATIONCHECKOUT
--------------------------------------------------------

  CREATE TABLE "AAGRAWA6"."EPUBLICATIONCHECKOUT" 
   (	"RESOURCEID" NUMBER(10,0), 
	"CHECKOUTTIME" TIMESTAMP (6), 
	"STUDENTNUMBER" VARCHAR2(10 BYTE), 
	"FACULTYNUMBER" VARCHAR2(10 BYTE)
   ) SEGMENT CREATION IMMEDIATE 
  PCTFREE 10 PCTUSED 40 INITRANS 1 MAXTRANS 255 NOCOMPRESS LOGGING
  STORAGE(INITIAL 65536 NEXT 1048576 MINEXTENTS 1 MAXEXTENTS 2147483645
  PCTINCREASE 0 FREELISTS 1 FREELIST GROUPS 1 BUFFER_POOL DEFAULT FLASH_CACHE DEFAULT CELL_FLASH_CACHE DEFAULT)
  TABLESPACE "USERS" ;
--------------------------------------------------------
--  DDL for Table FACULTY
--------------------------------------------------------

  CREATE TABLE "AAGRAWA6"."FACULTY" 
   (	"FACULTYNUMBER" VARCHAR2(10 BYTE), 
	"FNAME" VARCHAR2(20 BYTE), 
	"LNAME" VARCHAR2(20 BYTE), 
	"CATEGORYID" NUMBER(10,0), 
	"NATIONALITY" VARCHAR2(20 BYTE), 
	"DEPARTMENT" VARCHAR2(30 BYTE), 
	"HOLD" CHAR(5 BYTE), 
	"FINE" NUMBER(10,0)
   ) SEGMENT CREATION IMMEDIATE 
  PCTFREE 10 PCTUSED 40 INITRANS 1 MAXTRANS 255 NOCOMPRESS LOGGING
  STORAGE(INITIAL 65536 NEXT 1048576 MINEXTENTS 1 MAXEXTENTS 2147483645
  PCTINCREASE 0 FREELISTS 1 FREELIST GROUPS 1 BUFFER_POOL DEFAULT FLASH_CACHE DEFAULT CELL_FLASH_CACHE DEFAULT)
  TABLESPACE "USERS" ;
--------------------------------------------------------
--  DDL for Table FACULTYCATEGORY
--------------------------------------------------------

  CREATE TABLE "AAGRAWA6"."FACULTYCATEGORY" 
   (	"CATEGORYID" NUMBER(10,0), 
	"CATEGORYDESC" VARCHAR2(30 BYTE)
   ) SEGMENT CREATION IMMEDIATE 
  PCTFREE 10 PCTUSED 40 INITRANS 1 MAXTRANS 255 NOCOMPRESS LOGGING
  STORAGE(INITIAL 65536 NEXT 1048576 MINEXTENTS 1 MAXEXTENTS 2147483645
  PCTINCREASE 0 FREELISTS 1 FREELIST GROUPS 1 BUFFER_POOL DEFAULT FLASH_CACHE DEFAULT CELL_FLASH_CACHE DEFAULT)
  TABLESPACE "USERS" ;
--------------------------------------------------------
--  DDL for Table FINE
--------------------------------------------------------

  CREATE TABLE "AAGRAWA6"."FINE" 
   (	"FINEVAL" NUMBER(10,0)
   ) SEGMENT CREATION DEFERRED 
  PCTFREE 10 PCTUSED 40 INITRANS 1 MAXTRANS 255 NOCOMPRESS LOGGING
  TABLESPACE "USERS" ;
--------------------------------------------------------
--  DDL for Table FINECOLLECTED
--------------------------------------------------------

  CREATE TABLE "AAGRAWA6"."FINECOLLECTED" 
   (	"STUDENTNUMBER" VARCHAR2(20 BYTE), 
	"FACULTYNUMBER" VARCHAR2(20 BYTE), 
	"TYPEOFRESOURCE" VARCHAR2(20 BYTE), 
	"NAMEOFRESOURCE" VARCHAR2(20 BYTE), 
	"FINE" NUMBER(*,0), 
	"DURATIONRETURN" TIMESTAMP (6), 
	"CHECKOUTTIME" TIMESTAMP (6), 
	"RETURNTIME" TIMESTAMP (6)
   ) SEGMENT CREATION IMMEDIATE 
  PCTFREE 10 PCTUSED 40 INITRANS 1 MAXTRANS 255 NOCOMPRESS LOGGING
  STORAGE(INITIAL 65536 NEXT 1048576 MINEXTENTS 1 MAXEXTENTS 2147483645
  PCTINCREASE 0 FREELISTS 1 FREELIST GROUPS 1 BUFFER_POOL DEFAULT FLASH_CACHE DEFAULT CELL_FLASH_CACHE DEFAULT)
  TABLESPACE "USERS" ;
--------------------------------------------------------
--  DDL for Table FINEPATRONS
--------------------------------------------------------

  CREATE TABLE "AAGRAWA6"."FINEPATRONS" 
   (	"COUNT" NUMBER(10,0), 
	"ID" VARCHAR2(10 BYTE), 
	"FIRSTNAME" VARCHAR2(20 BYTE), 
	"LASTNAME" VARCHAR2(20 BYTE)
   ) SEGMENT CREATION IMMEDIATE 
  PCTFREE 10 PCTUSED 40 INITRANS 1 MAXTRANS 255 NOCOMPRESS LOGGING
  STORAGE(INITIAL 65536 NEXT 1048576 MINEXTENTS 1 MAXEXTENTS 2147483645
  PCTINCREASE 0 FREELISTS 1 FREELIST GROUPS 1 BUFFER_POOL DEFAULT FLASH_CACHE DEFAULT CELL_FLASH_CACHE DEFAULT)
  TABLESPACE "USERS" ;
--------------------------------------------------------
--  DDL for Table JOURNAL
--------------------------------------------------------

  CREATE TABLE "AAGRAWA6"."JOURNAL" 
   (	"ISSN" VARCHAR2(20 BYTE), 
	"TITLE" VARCHAR2(70 BYTE), 
	"YEAR" VARCHAR2(10 BYTE), 
	"LIBRARYID" NUMBER(10,0), 
	"CATEGORYID" NUMBER(10,0), 
	"RESOURCEID" NUMBER(10,0), 
	"ECOPY" CHAR(1 BYTE), 
	"NUMBEROFCOPIES" NUMBER(10,0), 
	"AVAILABLECOPIES" NUMBER(10,0)
   ) SEGMENT CREATION IMMEDIATE 
  PCTFREE 10 PCTUSED 40 INITRANS 1 MAXTRANS 255 NOCOMPRESS LOGGING
  STORAGE(INITIAL 65536 NEXT 1048576 MINEXTENTS 1 MAXEXTENTS 2147483645
  PCTINCREASE 0 FREELISTS 1 FREELIST GROUPS 1 BUFFER_POOL DEFAULT FLASH_CACHE DEFAULT CELL_FLASH_CACHE DEFAULT)
  TABLESPACE "USERS" ;
--------------------------------------------------------
--  DDL for Table JOURNALAUTHOR
--------------------------------------------------------

  CREATE TABLE "AAGRAWA6"."JOURNALAUTHOR" 
   (	"ISSN" VARCHAR2(20 BYTE), 
	"AUTHORID" NUMBER(10,0)
   ) SEGMENT CREATION IMMEDIATE 
  PCTFREE 10 PCTUSED 40 INITRANS 1 MAXTRANS 255 NOCOMPRESS LOGGING
  STORAGE(INITIAL 65536 NEXT 1048576 MINEXTENTS 1 MAXEXTENTS 2147483645
  PCTINCREASE 0 FREELISTS 1 FREELIST GROUPS 1 BUFFER_POOL DEFAULT FLASH_CACHE DEFAULT CELL_FLASH_CACHE DEFAULT)
  TABLESPACE "USERS" ;
--------------------------------------------------------
--  DDL for Table LIBRARY
--------------------------------------------------------

  CREATE TABLE "AAGRAWA6"."LIBRARY" 
   (	"LIBRARYID" NUMBER(10,0), 
	"LIBRARYNAME" VARCHAR2(20 BYTE)
   ) SEGMENT CREATION IMMEDIATE 
  PCTFREE 10 PCTUSED 40 INITRANS 1 MAXTRANS 255 NOCOMPRESS LOGGING
  STORAGE(INITIAL 65536 NEXT 1048576 MINEXTENTS 1 MAXEXTENTS 2147483645
  PCTINCREASE 0 FREELISTS 1 FREELIST GROUPS 1 BUFFER_POOL DEFAULT FLASH_CACHE DEFAULT CELL_FLASH_CACHE DEFAULT)
  TABLESPACE "USERS" ;
--------------------------------------------------------
--  DDL for Table LIBRARYCATEGORY
--------------------------------------------------------

  CREATE TABLE "AAGRAWA6"."LIBRARYCATEGORY" 
   (	"CATEGORYID" NUMBER(10,0), 
	"CATEGORY" VARCHAR2(20 BYTE), 
	"LIBRARYID" NUMBER(10,0)
   ) SEGMENT CREATION IMMEDIATE 
  PCTFREE 10 PCTUSED 40 INITRANS 1 MAXTRANS 255 NOCOMPRESS LOGGING
  STORAGE(INITIAL 65536 NEXT 1048576 MINEXTENTS 1 MAXEXTENTS 2147483645
  PCTINCREASE 0 FREELISTS 1 FREELIST GROUPS 1 BUFFER_POOL DEFAULT FLASH_CACHE DEFAULT CELL_FLASH_CACHE DEFAULT)
  TABLESPACE "USERS" ;
--------------------------------------------------------
--  DDL for Table LOGININFOFACULTY
--------------------------------------------------------

  CREATE TABLE "AAGRAWA6"."LOGININFOFACULTY" 
   (	"USERNAME" VARCHAR2(20 BYTE), 
	"PASSWORD" VARCHAR2(20 BYTE), 
	"FACULTYNUMBER" VARCHAR2(10 BYTE)
   ) SEGMENT CREATION IMMEDIATE 
  PCTFREE 10 PCTUSED 40 INITRANS 1 MAXTRANS 255 NOCOMPRESS LOGGING
  STORAGE(INITIAL 65536 NEXT 1048576 MINEXTENTS 1 MAXEXTENTS 2147483645
  PCTINCREASE 0 FREELISTS 1 FREELIST GROUPS 1 BUFFER_POOL DEFAULT FLASH_CACHE DEFAULT CELL_FLASH_CACHE DEFAULT)
  TABLESPACE "USERS" ;
--------------------------------------------------------
--  DDL for Table LOGININFOSTUDENT
--------------------------------------------------------

  CREATE TABLE "AAGRAWA6"."LOGININFOSTUDENT" 
   (	"USERNAME" VARCHAR2(20 BYTE), 
	"PASSWORD" VARCHAR2(20 BYTE), 
	"STUDENTNUMBER" VARCHAR2(10 BYTE)
   ) SEGMENT CREATION IMMEDIATE 
  PCTFREE 10 PCTUSED 40 INITRANS 1 MAXTRANS 255 NOCOMPRESS LOGGING
  STORAGE(INITIAL 65536 NEXT 1048576 MINEXTENTS 1 MAXEXTENTS 2147483645
  PCTINCREASE 0 FREELISTS 1 FREELIST GROUPS 1 BUFFER_POOL DEFAULT FLASH_CACHE DEFAULT CELL_FLASH_CACHE DEFAULT)
  TABLESPACE "USERS" ;
--------------------------------------------------------
--  DDL for Table PROGRAMME
--------------------------------------------------------

  CREATE TABLE "AAGRAWA6"."PROGRAMME" 
   (	"PROGRAMID" NUMBER(5,0), 
	"CLASSIFICATION" VARCHAR2(20 BYTE), 
	"DEGREEPROGRAM" VARCHAR2(10 BYTE), 
	"YEAR" VARCHAR2(10 BYTE)
   ) SEGMENT CREATION IMMEDIATE 
  PCTFREE 10 PCTUSED 40 INITRANS 1 MAXTRANS 255 NOCOMPRESS LOGGING
  STORAGE(INITIAL 65536 NEXT 1048576 MINEXTENTS 1 MAXEXTENTS 2147483645
  PCTINCREASE 0 FREELISTS 1 FREELIST GROUPS 1 BUFFER_POOL DEFAULT FLASH_CACHE DEFAULT CELL_FLASH_CACHE DEFAULT)
  TABLESPACE "USERS" ;
--------------------------------------------------------
--  DDL for Table REMINDER
--------------------------------------------------------

  CREATE TABLE "AAGRAWA6"."REMINDER" 
   (	"REMINDERID" NUMBER(10,0), 
	"STUDENTNUMBER" VARCHAR2(10 BYTE), 
	"FACULTYNUMBER" VARCHAR2(10 BYTE), 
	"REMINDERRESOURCETYPE" VARCHAR2(50 BYTE), 
	"REMINDERMESSAGE" VARCHAR2(100 BYTE), 
	"TIMESTAMP" TIMESTAMP (6)
   ) SEGMENT CREATION IMMEDIATE 
  PCTFREE 10 PCTUSED 40 INITRANS 1 MAXTRANS 255 NOCOMPRESS LOGGING
  STORAGE(INITIAL 65536 NEXT 1048576 MINEXTENTS 1 MAXEXTENTS 2147483645
  PCTINCREASE 0 FREELISTS 1 FREELIST GROUPS 1 BUFFER_POOL DEFAULT FLASH_CACHE DEFAULT CELL_FLASH_CACHE DEFAULT)
  TABLESPACE "USERS" ;
--------------------------------------------------------
--  DDL for Table RESOURCES
--------------------------------------------------------

  CREATE TABLE "AAGRAWA6"."RESOURCES" 
   (	"RESOURCEID" NUMBER(10,0)
   ) SEGMENT CREATION IMMEDIATE 
  PCTFREE 10 PCTUSED 40 INITRANS 1 MAXTRANS 255 NOCOMPRESS LOGGING
  STORAGE(INITIAL 65536 NEXT 1048576 MINEXTENTS 1 MAXEXTENTS 2147483645
  PCTINCREASE 0 FREELISTS 1 FREELIST GROUPS 1 BUFFER_POOL DEFAULT FLASH_CACHE DEFAULT CELL_FLASH_CACHE DEFAULT)
  TABLESPACE "USERS" ;
--------------------------------------------------------
--  DDL for Table ROOM
--------------------------------------------------------

  CREATE TABLE "AAGRAWA6"."ROOM" 
   (	"ROOMID" NUMBER(10,0), 
	"ROOMNUMBER" VARCHAR2(20 BYTE), 
	"LIBRARYID" NUMBER(10,0), 
	"CATEGORYID" NUMBER(10,0), 
	"FLOORNO" NUMBER(10,0), 
	"CAPACITY" NUMBER(10,0), 
	"TYPE" VARCHAR2(20 BYTE)
   ) SEGMENT CREATION IMMEDIATE 
  PCTFREE 10 PCTUSED 40 INITRANS 1 MAXTRANS 255 NOCOMPRESS LOGGING
  STORAGE(INITIAL 65536 NEXT 1048576 MINEXTENTS 1 MAXEXTENTS 2147483645
  PCTINCREASE 0 FREELISTS 1 FREELIST GROUPS 1 BUFFER_POOL DEFAULT FLASH_CACHE DEFAULT CELL_FLASH_CACHE DEFAULT)
  TABLESPACE "USERS" ;
--------------------------------------------------------
--  DDL for Table ROOMRESERVATION
--------------------------------------------------------

  CREATE TABLE "AAGRAWA6"."ROOMRESERVATION" 
   (	"RESERVATIONID" NUMBER(10,0), 
	"ROOMID" NUMBER(10,0), 
	"STARTTIME" TIMESTAMP (6), 
	"ENDTIME" TIMESTAMP (6), 
	"STUDENTNUMBER" VARCHAR2(10 BYTE), 
	"FACULTYNUMBER" VARCHAR2(10 BYTE)
   ) SEGMENT CREATION IMMEDIATE 
  PCTFREE 10 PCTUSED 40 INITRANS 1 MAXTRANS 255 NOCOMPRESS LOGGING
  STORAGE(INITIAL 65536 NEXT 1048576 MINEXTENTS 1 MAXEXTENTS 2147483645
  PCTINCREASE 0 FREELISTS 1 FREELIST GROUPS 1 BUFFER_POOL DEFAULT FLASH_CACHE DEFAULT CELL_FLASH_CACHE DEFAULT)
  TABLESPACE "USERS" ;
--------------------------------------------------------
--  DDL for Table ROOMRESERVATIONLOG
--------------------------------------------------------

  CREATE TABLE "AAGRAWA6"."ROOMRESERVATIONLOG" 
   (	"ROOMID" NUMBER(10,0), 
	"STARTTIME" TIMESTAMP (6), 
	"ENDTIME" TIMESTAMP (6), 
	"STUDENTNUMBER" VARCHAR2(10 BYTE), 
	"FACULTYNUMBER" VARCHAR2(10 BYTE)
   ) SEGMENT CREATION IMMEDIATE 
  PCTFREE 10 PCTUSED 40 INITRANS 1 MAXTRANS 255 NOCOMPRESS LOGGING
  STORAGE(INITIAL 65536 NEXT 1048576 MINEXTENTS 1 MAXEXTENTS 2147483645
  PCTINCREASE 0 FREELISTS 1 FREELIST GROUPS 1 BUFFER_POOL DEFAULT FLASH_CACHE DEFAULT CELL_FLASH_CACHE DEFAULT)
  TABLESPACE "USERS" ;
--------------------------------------------------------
--  DDL for Table ROOMRESERVATIONNULLLOG
--------------------------------------------------------

  CREATE TABLE "AAGRAWA6"."ROOMRESERVATIONNULLLOG" 
   (	"ROOMID" NUMBER(10,0), 
	"STARTTIME" TIMESTAMP (6), 
	"ENDTIME" TIMESTAMP (6), 
	"STUDENTNUMBER" VARCHAR2(10 BYTE), 
	"FACULTYNUMBER" VARCHAR2(10 BYTE)
   ) SEGMENT CREATION IMMEDIATE 
  PCTFREE 10 PCTUSED 40 INITRANS 1 MAXTRANS 255 NOCOMPRESS LOGGING
  STORAGE(INITIAL 65536 NEXT 1048576 MINEXTENTS 1 MAXEXTENTS 2147483645
  PCTINCREASE 0 FREELISTS 1 FREELIST GROUPS 1 BUFFER_POOL DEFAULT FLASH_CACHE DEFAULT CELL_FLASH_CACHE DEFAULT)
  TABLESPACE "USERS" ;
--------------------------------------------------------
--  DDL for Table STUDENT
--------------------------------------------------------

  CREATE TABLE "AAGRAWA6"."STUDENT" 
   (	"STUDENTNUMBER" VARCHAR2(10 BYTE), 
	"FNAME" VARCHAR2(20 BYTE), 
	"LNAME" VARCHAR2(20 BYTE), 
	"PHONENUMBER" NUMBER(10,0), 
	"ALTERNATEPHONE" NUMBER(10,0), 
	"STREET" VARCHAR2(20 BYTE), 
	"CITY" VARCHAR2(20 BYTE), 
	"POSTCODE" NUMBER(8,0), 
	"DOB" DATE, 
	"SEX" CHAR(1 BYTE), 
	"NATIONALITY" VARCHAR2(20 BYTE), 
	"DEPARTMENT" VARCHAR2(30 BYTE), 
	"PROGRAMID" NUMBER(5,0), 
	"STATE" VARCHAR2(20 BYTE), 
	"FINE" NUMBER(10,0)
   ) SEGMENT CREATION IMMEDIATE 
  PCTFREE 10 PCTUSED 40 INITRANS 1 MAXTRANS 255 NOCOMPRESS LOGGING
  STORAGE(INITIAL 65536 NEXT 1048576 MINEXTENTS 1 MAXEXTENTS 2147483645
  PCTINCREASE 0 FREELISTS 1 FREELIST GROUPS 1 BUFFER_POOL DEFAULT FLASH_CACHE DEFAULT CELL_FLASH_CACHE DEFAULT)
  TABLESPACE "USERS" ;
--------------------------------------------------------
--  DDL for Table STUDENTHOLD
--------------------------------------------------------

  CREATE TABLE "AAGRAWA6"."STUDENTHOLD" 
   (	"STUDENTNUMBER" VARCHAR2(20 BYTE)
   ) SEGMENT CREATION IMMEDIATE 
  PCTFREE 10 PCTUSED 40 INITRANS 1 MAXTRANS 255 NOCOMPRESS LOGGING
  STORAGE(INITIAL 65536 NEXT 1048576 MINEXTENTS 1 MAXEXTENTS 2147483645
  PCTINCREASE 0 FREELISTS 1 FREELIST GROUPS 1 BUFFER_POOL DEFAULT FLASH_CACHE DEFAULT CELL_FLASH_CACHE DEFAULT)
  TABLESPACE "USERS" ;
--------------------------------------------------------
--  DDL for View TEMP1
--------------------------------------------------------

  CREATE OR REPLACE FORCE VIEW "AAGRAWA6"."TEMP1" ("RESERVATIONID", "CHECKOUTTIME", "STARTTIME") AS 
  select c.reservationid,c.checkouttime,r.starttime from checkoutroom c, roomreservation r where r.reservationid=c.reservationid;
REM INSERTING into AAGRAWA6.AUTHOR
SET DEFINE OFF;
Insert into AAGRAWA6.AUTHOR (AUTHORID,AUTHORNAME) values (1,'Balaji');
Insert into AAGRAWA6.AUTHOR (AUTHORID,AUTHORNAME) values (2,'Arjun');
Insert into AAGRAWA6.AUTHOR (AUTHORID,AUTHORNAME) values (3,'Ankit');
Insert into AAGRAWA6.AUTHOR (AUTHORID,AUTHORNAME) values (4,'Paritosh');
Insert into AAGRAWA6.AUTHOR (AUTHORID,AUTHORNAME) values (5,'Akash');
Insert into AAGRAWA6.AUTHOR (AUTHORID,AUTHORNAME) values (6,'SK Goyal');
Insert into AAGRAWA6.AUTHOR (AUTHORID,AUTHORNAME) values (7,'HC Verma');
Insert into AAGRAWA6.AUTHOR (AUTHORID,AUTHORNAME) values (8,'Resnick Halliday Walker');
Insert into AAGRAWA6.AUTHOR (AUTHORID,AUTHORNAME) values (9,'RC Mukherjee');
Insert into AAGRAWA6.AUTHOR (AUTHORID,AUTHORNAME) values (10,'Roberto Navigli');
Insert into AAGRAWA6.AUTHOR (AUTHORID,AUTHORNAME) values (11,'Tim Berners Lee');
Insert into AAGRAWA6.AUTHOR (AUTHORID,AUTHORNAME) values (13,'Sidan Gao');
Insert into AAGRAWA6.AUTHOR (AUTHORID,AUTHORNAME) values (12,'HyeongSik Kim');
REM INSERTING into AAGRAWA6.BOOK
SET DEFINE OFF;
Insert into AAGRAWA6.BOOK (ISBN,TITLE,EDITION,YEAR,PUBLISHER,LIBRARYID,CATEGORYID,RESOURCEID,ECOPY,NUMBEROFCOPIES,AVAILABLECOPIES) values ('B1','Introduction to Chemistry','1','2005','Pub1',1,1,6,'1',2,1);
Insert into AAGRAWA6.BOOK (ISBN,TITLE,EDITION,YEAR,PUBLISHER,LIBRARYID,CATEGORYID,RESOURCEID,ECOPY,NUMBEROFCOPIES,AVAILABLECOPIES) values ('B2','Introduction to Organic Chemistry','2','2006','Pub2',1,1,7,'1',2,1);
Insert into AAGRAWA6.BOOK (ISBN,TITLE,EDITION,YEAR,PUBLISHER,LIBRARYID,CATEGORYID,RESOURCEID,ECOPY,NUMBEROFCOPIES,AVAILABLECOPIES) values ('B3','Introduction to Physical Chemistry','3','2000','Pub3',2,1,16,'0',2,0);
Insert into AAGRAWA6.BOOK (ISBN,TITLE,EDITION,YEAR,PUBLISHER,LIBRARYID,CATEGORYID,RESOURCEID,ECOPY,NUMBEROFCOPIES,AVAILABLECOPIES) values ('B4','Introduction to Inorganic Chemistry','4','2005','Pub4',2,1,17,'0',2,0);
REM INSERTING into AAGRAWA6.BOOKAUTHOR
SET DEFINE OFF;
Insert into AAGRAWA6.BOOKAUTHOR (ISBN,AUTHORID) values ('B1',6);
Insert into AAGRAWA6.BOOKAUTHOR (ISBN,AUTHORID) values ('B2',7);
Insert into AAGRAWA6.BOOKAUTHOR (ISBN,AUTHORID) values ('B3',8);
Insert into AAGRAWA6.BOOKAUTHOR (ISBN,AUTHORID) values ('B4',9);
REM INSERTING into AAGRAWA6.BOOKRESERVED
SET DEFINE OFF;
Insert into AAGRAWA6.BOOKRESERVED (ISBN,FACULTYNUMBER,COURSENAME,RESSTARTTIME,RESENDTIME) values ('B1','F1','CH101',to_date('26-OCT-15','DD-MON-RR'),to_date('26-FEB-16','DD-MON-RR'));
Insert into AAGRAWA6.BOOKRESERVED (ISBN,FACULTYNUMBER,COURSENAME,RESSTARTTIME,RESENDTIME) values ('B3','F3','CH103',to_date('15-OCT-15','DD-MON-RR'),to_date('15-FEB-16','DD-MON-RR'));
REM INSERTING into AAGRAWA6.CAMERA
SET DEFINE OFF;
Insert into AAGRAWA6.CAMERA (CAMERAID,LIBRARYID,CATEGORYID,MANUFACTURER,MODEL,CONFIGURATION,MEMORYAVAILABLE) values ('CA1',2,2,'Olympus','E-260','1442mm
lens 1:3.55.6','16');
Insert into AAGRAWA6.CAMERA (CAMERAID,LIBRARYID,CATEGORYID,MANUFACTURER,MODEL,CONFIGURATION,MEMORYAVAILABLE) values ('CA2',2,2,'Cannon','EOS
Rebel T4i','18135mm
EFS
IS STM Lens','32');
Insert into AAGRAWA6.CAMERA (CAMERAID,LIBRARYID,CATEGORYID,MANUFACTURER,MODEL,CONFIGURATION,MEMORYAVAILABLE) values ('CA3',2,2,'Cannon','EOS
Rebel T4i','18135mm
EFS
IS STM Lens','32');
REM INSERTING into AAGRAWA6.CAMERACHECKOUT
SET DEFINE OFF;
REM INSERTING into AAGRAWA6.CAMERACHECKOUTLOG
SET DEFINE OFF;
Insert into AAGRAWA6.CAMERACHECKOUTLOG (RESERVATIONID,CAMERAID,CHECKINTIME,CHECKOUTTIME,ENDTIME,STUDENTNUMBER,FACULTYNUMBER,FINE) values (8,'CA3',to_timestamp('03-NOV-15 04.41.55.719000000 PM','DD-MON-RR HH.MI.SSXFF AM'),to_timestamp('03-NOV-15 04.41.43.657000000 PM','DD-MON-RR HH.MI.SSXFF AM'),to_timestamp('29-OCT-15 04.41.00.000000000 PM','DD-MON-RR HH.MI.SSXFF AM'),null,'F1',0);
Insert into AAGRAWA6.CAMERACHECKOUTLOG (RESERVATIONID,CAMERAID,CHECKINTIME,CHECKOUTTIME,ENDTIME,STUDENTNUMBER,FACULTYNUMBER,FINE) values (8,'CA1',to_timestamp('03-NOV-15 04.37.16.387000000 PM','DD-MON-RR HH.MI.SSXFF AM'),to_timestamp('03-NOV-15 04.36.57.325000000 PM','DD-MON-RR HH.MI.SSXFF AM'),to_timestamp('22-OCT-15 04.35.00.000000000 PM','DD-MON-RR HH.MI.SSXFF AM'),'S1',null,0);
Insert into AAGRAWA6.CAMERACHECKOUTLOG (RESERVATIONID,CAMERAID,CHECKINTIME,CHECKOUTTIME,ENDTIME,STUDENTNUMBER,FACULTYNUMBER,FINE) values (8,'CA1',to_timestamp('03-NOV-15 04.48.57.304000000 PM','DD-MON-RR HH.MI.SSXFF AM'),to_timestamp('03-NOV-15 04.48.45.883000000 PM','DD-MON-RR HH.MI.SSXFF AM'),to_timestamp('15-OCT-15 04.48.00.000000000 PM','DD-MON-RR HH.MI.SSXFF AM'),'S2',null,0);
REM INSERTING into AAGRAWA6.CAMERAQUEUE
SET DEFINE OFF;
REM INSERTING into AAGRAWA6.CAMERARESERVATION
SET DEFINE OFF;
Insert into AAGRAWA6.CAMERARESERVATION (RESERVATIONID,CAMERAID,STARTTIME,ENDTIME,STUDENTNUMBER,FACULTYNUMBER) values (0,'CA2',to_timestamp('13-NOV-15 07.08.00.000000000 PM','DD-MON-RR HH.MI.SSXFF AM'),to_timestamp('19-NOV-15 07.08.00.000000000 PM','DD-MON-RR HH.MI.SSXFF AM'),'S1',null);
Insert into AAGRAWA6.CAMERARESERVATION (RESERVATIONID,CAMERAID,STARTTIME,ENDTIME,STUDENTNUMBER,FACULTYNUMBER) values (1,'CA1',to_timestamp('13-NOV-15 07.08.00.000000000 PM','DD-MON-RR HH.MI.SSXFF AM'),to_timestamp('19-NOV-15 07.08.00.000000000 PM','DD-MON-RR HH.MI.SSXFF AM'),'S1',null);
Insert into AAGRAWA6.CAMERARESERVATION (RESERVATIONID,CAMERAID,STARTTIME,ENDTIME,STUDENTNUMBER,FACULTYNUMBER) values (5,'CA3',to_timestamp('13-NOV-15 07.35.00.000000000 PM','DD-MON-RR HH.MI.SSXFF AM'),to_timestamp('19-NOV-15 07.35.00.000000000 PM','DD-MON-RR HH.MI.SSXFF AM'),null,'F1');
Insert into AAGRAWA6.CAMERARESERVATION (RESERVATIONID,CAMERAID,STARTTIME,ENDTIME,STUDENTNUMBER,FACULTYNUMBER) values (8,'CA2',to_timestamp('13-NOV-15 08.18.00.000000000 PM','DD-MON-RR HH.MI.SSXFF AM'),to_timestamp('19-NOV-15 08.18.00.000000000 PM','DD-MON-RR HH.MI.SSXFF AM'),'S1',null);
Insert into AAGRAWA6.CAMERARESERVATION (RESERVATIONID,CAMERAID,STARTTIME,ENDTIME,STUDENTNUMBER,FACULTYNUMBER) values (2,'CA3',to_timestamp('13-NOV-15 07.08.00.000000000 PM','DD-MON-RR HH.MI.SSXFF AM'),to_timestamp('19-NOV-15 07.08.00.000000000 PM','DD-MON-RR HH.MI.SSXFF AM'),'S1',null);
REM INSERTING into AAGRAWA6.CHECKOUT
SET DEFINE OFF;
Insert into AAGRAWA6.CHECKOUT (RESOURCEID,CHECKOUTTIME,RESERVEDUPTO,CHECKINTIME,STUDENTNUMBER,FACULTYNUMBER,TYPEPUB,NAMEPUB) values (18,to_timestamp('01-NOV-15 07.08.02.000000000 PM','DD-MON-RR HH.MI.SSXFF AM'),to_timestamp('02-NOV-15 07.08.02.000000000 AM','DD-MON-RR HH.MI.SSXFF AM'),null,'S1',null,'Journals','J1');
Insert into AAGRAWA6.CHECKOUT (RESOURCEID,CHECKOUTTIME,RESERVEDUPTO,CHECKINTIME,STUDENTNUMBER,FACULTYNUMBER,TYPEPUB,NAMEPUB) values (20,to_timestamp('01-NOV-15 07.08.17.000000000 PM','DD-MON-RR HH.MI.SSXFF AM'),to_timestamp('02-NOV-15 07.08.17.000000000 AM','DD-MON-RR HH.MI.SSXFF AM'),null,'S1',null,'Conference','C1');
Insert into AAGRAWA6.CHECKOUT (RESOURCEID,CHECKOUTTIME,RESERVEDUPTO,CHECKINTIME,STUDENTNUMBER,FACULTYNUMBER,TYPEPUB,NAMEPUB) values (21,to_timestamp('01-NOV-15 07.08.23.000000000 PM','DD-MON-RR HH.MI.SSXFF AM'),to_timestamp('02-NOV-15 07.08.23.000000000 AM','DD-MON-RR HH.MI.SSXFF AM'),null,'S1',null,'Conference','C2');
Insert into AAGRAWA6.CHECKOUT (RESOURCEID,CHECKOUTTIME,RESERVEDUPTO,CHECKINTIME,STUDENTNUMBER,FACULTYNUMBER,TYPEPUB,NAMEPUB) values (19,to_timestamp('01-NOV-15 07.08.07.000000000 PM','DD-MON-RR HH.MI.SSXFF AM'),to_timestamp('02-NOV-15 07.08.07.000000000 AM','DD-MON-RR HH.MI.SSXFF AM'),null,'S1',null,'Journals','J2');
Insert into AAGRAWA6.CHECKOUT (RESOURCEID,CHECKOUTTIME,RESERVEDUPTO,CHECKINTIME,STUDENTNUMBER,FACULTYNUMBER,TYPEPUB,NAMEPUB) values (17,to_timestamp('01-NOV-15 07.34.33.000000000 PM','DD-MON-RR HH.MI.SSXFF AM'),to_timestamp('15-NOV-15 07.34.33.000000000 PM','DD-MON-RR HH.MI.SSXFF AM'),null,null,'F1','Book','B4');
Insert into AAGRAWA6.CHECKOUT (RESOURCEID,CHECKOUTTIME,RESERVEDUPTO,CHECKINTIME,STUDENTNUMBER,FACULTYNUMBER,TYPEPUB,NAMEPUB) values (19,to_timestamp('03-NOV-15 04.03.43.000000000 PM','DD-MON-RR HH.MI.SSXFF AM'),to_timestamp('04-NOV-15 04.03.43.000000000 AM','DD-MON-RR HH.MI.SSXFF AM'),to_timestamp('06-OCT-15 07.00.00.000000000 PM','DD-MON-RR HH.MI.SSXFF AM'),'S2',null,'Journals','J2');
Insert into AAGRAWA6.CHECKOUT (RESOURCEID,CHECKOUTTIME,RESERVEDUPTO,CHECKINTIME,STUDENTNUMBER,FACULTYNUMBER,TYPEPUB,NAMEPUB) values (16,to_timestamp('01-NOV-15 07.07.40.000000000 PM','DD-MON-RR HH.MI.SSXFF AM'),to_timestamp('01-NOV-15 11.07.40.000000000 PM','DD-MON-RR HH.MI.SSXFF AM'),null,'S1',null,'Books','B3');
Insert into AAGRAWA6.CHECKOUT (RESOURCEID,CHECKOUTTIME,RESERVEDUPTO,CHECKINTIME,STUDENTNUMBER,FACULTYNUMBER,TYPEPUB,NAMEPUB) values (17,to_timestamp('03-NOV-15 06.52.58.000000000 PM','DD-MON-RR HH.MI.SSXFF AM'),to_timestamp('17-NOV-15 06.52.58.000000000 PM','DD-MON-RR HH.MI.SSXFF AM'),null,'S4',null,'Books','B4');
Insert into AAGRAWA6.CHECKOUT (RESOURCEID,CHECKOUTTIME,RESERVEDUPTO,CHECKINTIME,STUDENTNUMBER,FACULTYNUMBER,TYPEPUB,NAMEPUB) values (16,to_timestamp('01-NOV-15 07.34.39.000000000 PM','DD-MON-RR HH.MI.SSXFF AM'),to_timestamp('01-NOV-15 11.34.39.000000000 PM','DD-MON-RR HH.MI.SSXFF AM'),null,null,'F1','Book','B3');
Insert into AAGRAWA6.CHECKOUT (RESOURCEID,CHECKOUTTIME,RESERVEDUPTO,CHECKINTIME,STUDENTNUMBER,FACULTYNUMBER,TYPEPUB,NAMEPUB) values (7,to_timestamp('01-NOV-15 08.18.25.000000000 PM','DD-MON-RR HH.MI.SSXFF AM'),to_timestamp('15-NOV-15 08.18.26.000000000 PM','DD-MON-RR HH.MI.SSXFF AM'),null,'S1',null,'Books','B2');
Insert into AAGRAWA6.CHECKOUT (RESOURCEID,CHECKOUTTIME,RESERVEDUPTO,CHECKINTIME,STUDENTNUMBER,FACULTYNUMBER,TYPEPUB,NAMEPUB) values (6,to_timestamp('01-JUL-15 07.07.54.000000000 PM','DD-MON-RR HH.MI.SSXFF AM'),to_timestamp('01-NOV-15 11.07.50.000000000 PM','DD-MON-RR HH.MI.SSXFF AM'),null,'S1',null,'Books','B1');
REM INSERTING into AAGRAWA6.CHECKOUTLOG
SET DEFINE OFF;
Insert into AAGRAWA6.CHECKOUTLOG (RESOURCEID,CHECKOUTTIME,RESERVEDUPTO,CHECKINTIME,STUDENTNUMBER,FACULTYNUMBER,FINE,TYPEPUB,NAMEPUB) values (7,to_timestamp('03-MAR-15 04.49.41.000000000 PM','DD-MON-RR HH.MI.SSXFF AM'),to_timestamp('17-MAR-15 04.49.41.000000000 PM','DD-MON-RR HH.MI.SSXFF AM'),to_timestamp('03-NOV-15 04.50.21.092000000 PM','DD-MON-RR HH.MI.SSXFF AM'),'S2',null,0,'Books','B2');
Insert into AAGRAWA6.CHECKOUTLOG (RESOURCEID,CHECKOUTTIME,RESERVEDUPTO,CHECKINTIME,STUDENTNUMBER,FACULTYNUMBER,FINE,TYPEPUB,NAMEPUB) values (17,to_timestamp('01-NOV-15 07.07.54.000000000 PM','DD-MON-RR HH.MI.SSXFF AM'),to_timestamp('15-NOV-15 07.07.54.000000000 PM','DD-MON-RR HH.MI.SSXFF AM'),to_timestamp('03-NOV-15 12.55.39.102000000 AM','DD-MON-RR HH.MI.SSXFF AM'),'S1',null,0,'Books','B4');
Insert into AAGRAWA6.CHECKOUTLOG (RESOURCEID,CHECKOUTTIME,RESERVEDUPTO,CHECKINTIME,STUDENTNUMBER,FACULTYNUMBER,FINE,TYPEPUB,NAMEPUB) values (17,to_timestamp('01-NOV-15 07.20.49.000000000 PM','DD-MON-RR HH.MI.SSXFF AM'),to_timestamp('01-JUL-15 07.07.54.000000000 PM','DD-MON-RR HH.MI.SSXFF AM'),to_timestamp('03-NOV-15 12.57.21.383000000 AM','DD-MON-RR HH.MI.SSXFF AM'),'S4',null,0,'Books','B4');
Insert into AAGRAWA6.CHECKOUTLOG (RESOURCEID,CHECKOUTTIME,RESERVEDUPTO,CHECKINTIME,STUDENTNUMBER,FACULTYNUMBER,FINE,TYPEPUB,NAMEPUB) values (17,to_timestamp('06-OCT-15 04.32.51.000000000 PM','DD-MON-RR HH.MI.SSXFF AM'),to_timestamp('20-OCT-15 04.32.51.000000000 PM','DD-MON-RR HH.MI.SSXFF AM'),to_timestamp('03-NOV-15 04.34.27.641000000 PM','DD-MON-RR HH.MI.SSXFF AM'),'S1',null,0,'Books','B4');
Insert into AAGRAWA6.CHECKOUTLOG (RESOURCEID,CHECKOUTTIME,RESERVEDUPTO,CHECKINTIME,STUDENTNUMBER,FACULTYNUMBER,FINE,TYPEPUB,NAMEPUB) values (7,to_timestamp('13-OCT-15 04.46.41.000000000 PM','DD-MON-RR HH.MI.SSXFF AM'),to_timestamp('27-OCT-15 04.46.41.000000000 PM','DD-MON-RR HH.MI.SSXFF AM'),to_timestamp('03-NOV-15 04.47.33.873000000 PM','DD-MON-RR HH.MI.SSXFF AM'),'S2',null,0,'Books','B2');
Insert into AAGRAWA6.CHECKOUTLOG (RESOURCEID,CHECKOUTTIME,RESERVEDUPTO,CHECKINTIME,STUDENTNUMBER,FACULTYNUMBER,FINE,TYPEPUB,NAMEPUB) values (6,to_timestamp('01-NOV-15 07.34.46.000000000 PM','DD-MON-RR HH.MI.SSXFF AM'),to_timestamp('15-NOV-15 07.34.46.000000000 PM','DD-MON-RR HH.MI.SSXFF AM'),to_timestamp('01-NOV-15 07.36.26.889000000 PM','DD-MON-RR HH.MI.SSXFF AM'),null,'F1',0,'Books','B1');
Insert into AAGRAWA6.CHECKOUTLOG (RESOURCEID,CHECKOUTTIME,RESERVEDUPTO,CHECKINTIME,STUDENTNUMBER,FACULTYNUMBER,FINE,TYPEPUB,NAMEPUB) values (7,to_timestamp('06-OCT-15 04.06.26.000000000 PM','DD-MON-RR HH.MI.SSXFF AM'),to_timestamp('10-OCT-15 04.06.26.000000000 PM','DD-MON-RR HH.MI.SSXFF AM'),to_timestamp('03-NOV-15 04.07.24.555000000 PM','DD-MON-RR HH.MI.SSXFF AM'),'S2',null,0,'Books','B2');
Insert into AAGRAWA6.CHECKOUTLOG (RESOURCEID,CHECKOUTTIME,RESERVEDUPTO,CHECKINTIME,STUDENTNUMBER,FACULTYNUMBER,FINE,TYPEPUB,NAMEPUB) values (7,to_timestamp('03-NOV-15 04.05.04.000000000 PM','DD-MON-RR HH.MI.SSXFF AM'),to_timestamp('17-NOV-15 04.05.04.000000000 PM','DD-MON-RR HH.MI.SSXFF AM'),to_timestamp('03-NOV-15 04.05.55.870000000 PM','DD-MON-RR HH.MI.SSXFF AM'),'S2',null,0,'Books','B2');
Insert into AAGRAWA6.CHECKOUTLOG (RESOURCEID,CHECKOUTTIME,RESERVEDUPTO,CHECKINTIME,STUDENTNUMBER,FACULTYNUMBER,FINE,TYPEPUB,NAMEPUB) values (16,to_timestamp('01-NOV-15 07.20.44.000000000 PM','DD-MON-RR HH.MI.SSXFF AM'),to_timestamp('01-NOV-15 11.20.44.000000000 PM','DD-MON-RR HH.MI.SSXFF AM'),to_timestamp('01-NOV-15 07.50.59.127000000 PM','DD-MON-RR HH.MI.SSXFF AM'),'S4',null,0,'Books','B3');
Insert into AAGRAWA6.CHECKOUTLOG (RESOURCEID,CHECKOUTTIME,RESERVEDUPTO,CHECKINTIME,STUDENTNUMBER,FACULTYNUMBER,FINE,TYPEPUB,NAMEPUB) values (7,to_timestamp('13-OCT-15 04.39.46.000000000 PM','DD-MON-RR HH.MI.SSXFF AM'),to_timestamp('17-OCT-15 04.39.46.000000000 PM','DD-MON-RR HH.MI.SSXFF AM'),to_timestamp('03-NOV-15 04.40.50.030000000 PM','DD-MON-RR HH.MI.SSXFF AM'),null,'F1',0,'Books','B2');
REM INSERTING into AAGRAWA6.CHECKOUTROOM
SET DEFINE OFF;
REM INSERTING into AAGRAWA6.CHECKOUTROOMLOG
SET DEFINE OFF;
Insert into AAGRAWA6.CHECKOUTROOMLOG (RESERVATIONID,ROOMID,STARTTIME,ENDTIME,CHECKINTIME,CHECKOUTTIME,STUDENTNUMBER,FACULTYNUMBER) values (2,9,to_timestamp('02-OCT-15 07.36.00.000000000 PM','DD-MON-RR HH.MI.SSXFF AM'),to_timestamp('02-OCT-15 08.36.00.000000000 PM','DD-MON-RR HH.MI.SSXFF AM'),to_timestamp('01-NOV-15 07.37.31.506000000 PM','DD-MON-RR HH.MI.SSXFF AM'),to_timestamp('01-NOV-15 07.37.20.082000000 PM','DD-MON-RR HH.MI.SSXFF AM'),null,'F1');
Insert into AAGRAWA6.CHECKOUTROOMLOG (RESERVATIONID,ROOMID,STARTTIME,ENDTIME,CHECKINTIME,CHECKOUTTIME,STUDENTNUMBER,FACULTYNUMBER) values (2,1,to_timestamp('02-NOV-15 03.00.00.000000000 PM','DD-MON-RR HH.MI.SSXFF AM'),to_timestamp('02-NOV-15 06.00.00.000000000 PM','DD-MON-RR HH.MI.SSXFF AM'),to_timestamp('03-NOV-15 04.25.07.038000000 PM','DD-MON-RR HH.MI.SSXFF AM'),to_timestamp('03-NOV-15 04.15.40.393000000 PM','DD-MON-RR HH.MI.SSXFF AM'),'S2',null);
REM INSERTING into AAGRAWA6.CHECKOUTWAIT
SET DEFINE OFF;
Insert into AAGRAWA6.CHECKOUTWAIT (RESOURCEID,TIMESTAMP,STUDENTNUMBER,FACULTYNUMBER,RESERVEDUPTO,TYPEPUB,NAMEPUB) values (18,to_timestamp('03-NOV-15 04.04.36.000000000 PM','DD-MON-RR HH.MI.SSXFF AM'),'S2',null,to_timestamp('04-NOV-15 04.04.36.000000000 AM','DD-MON-RR HH.MI.SSXFF AM'),'Journal','J1');
Insert into AAGRAWA6.CHECKOUTWAIT (RESOURCEID,TIMESTAMP,STUDENTNUMBER,FACULTYNUMBER,RESERVEDUPTO,TYPEPUB,NAMEPUB) values (16,to_timestamp('03-NOV-15 06.51.12.000000000 PM','DD-MON-RR HH.MI.SSXFF AM'),'S4',null,to_timestamp('03-NOV-15 10.51.12.000000000 PM','DD-MON-RR HH.MI.SSXFF AM'),'Book','B3');
Insert into AAGRAWA6.CHECKOUTWAIT (RESOURCEID,TIMESTAMP,STUDENTNUMBER,FACULTYNUMBER,RESERVEDUPTO,TYPEPUB,NAMEPUB) values (20,to_timestamp('03-NOV-15 06.54.14.000000000 PM','DD-MON-RR HH.MI.SSXFF AM'),'S4',null,to_timestamp('04-NOV-15 06.54.14.000000000 AM','DD-MON-RR HH.MI.SSXFF AM'),'Conference','C1');
Insert into AAGRAWA6.CHECKOUTWAIT (RESOURCEID,TIMESTAMP,STUDENTNUMBER,FACULTYNUMBER,RESERVEDUPTO,TYPEPUB,NAMEPUB) values (21,to_timestamp('03-NOV-15 06.54.19.000000000 PM','DD-MON-RR HH.MI.SSXFF AM'),'S4',null,to_timestamp('04-NOV-15 06.54.19.000000000 AM','DD-MON-RR HH.MI.SSXFF AM'),'Conference','C2');
Insert into AAGRAWA6.CHECKOUTWAIT (RESOURCEID,TIMESTAMP,STUDENTNUMBER,FACULTYNUMBER,RESERVEDUPTO,TYPEPUB,NAMEPUB) values (19,to_timestamp('03-NOV-15 06.53.59.000000000 PM','DD-MON-RR HH.MI.SSXFF AM'),'S4',null,to_timestamp('04-NOV-15 06.53.59.000000000 AM','DD-MON-RR HH.MI.SSXFF AM'),'Journal','J2');
Insert into AAGRAWA6.CHECKOUTWAIT (RESOURCEID,TIMESTAMP,STUDENTNUMBER,FACULTYNUMBER,RESERVEDUPTO,TYPEPUB,NAMEPUB) values (18,to_timestamp('03-NOV-15 06.54.05.000000000 PM','DD-MON-RR HH.MI.SSXFF AM'),'S4',null,to_timestamp('04-NOV-15 06.54.05.000000000 AM','DD-MON-RR HH.MI.SSXFF AM'),'Journal','J1');
REM INSERTING into AAGRAWA6.CONFERENCE
SET DEFINE OFF;
Insert into AAGRAWA6.CONFERENCE (CONFERENCENUMBER,TITLE,YEAR,LIBRARYID,CATEGORYID,RESOURCEID,ECOPY,CONFERENCENAME,NUMBEROFCOPIES,AVAILABLECOPIES) values ('C2','An
agglomerative query model for discovery in linked data: semantics and
approach','2014',2,3,21,'1','SIGMOD',1,0);
Insert into AAGRAWA6.CONFERENCE (CONFERENCENUMBER,TITLE,YEAR,LIBRARYID,CATEGORYID,RESOURCEID,ECOPY,CONFERENCENAME,NUMBEROFCOPIES,AVAILABLECOPIES) values ('C1','Optimization
Techniques for Large Scale Graph Analytics on Map Reduce','2013',1,3,20,'1','WWW',1,0);
REM INSERTING into AAGRAWA6.CONFERENCEAUTHOR
SET DEFINE OFF;
Insert into AAGRAWA6.CONFERENCEAUTHOR (CONFERENCENUMBER,AUTHORID) values ('C1',12);
Insert into AAGRAWA6.CONFERENCEAUTHOR (CONFERENCENUMBER,AUTHORID) values ('C2',13);
REM INSERTING into AAGRAWA6.COURSES
SET DEFINE OFF;
Insert into AAGRAWA6.COURSES (COURSENAME,COURSEDESCRIPTION) values ('CH101','Introduction to Chemistry');
Insert into AAGRAWA6.COURSES (COURSENAME,COURSEDESCRIPTION) values ('CH102','Introduction to Organic Chemistry');
Insert into AAGRAWA6.COURSES (COURSENAME,COURSEDESCRIPTION) values ('CH103','Introduction to Physical Chemistry');
Insert into AAGRAWA6.COURSES (COURSENAME,COURSEDESCRIPTION) values ('CH104','Introduction to Inorganic Chemistry');
REM INSERTING into AAGRAWA6.COURSESTAKEN
SET DEFINE OFF;
Insert into AAGRAWA6.COURSESTAKEN (STUDENTNUMBER,COURSENAME) values ('S1','CH101');
Insert into AAGRAWA6.COURSESTAKEN (STUDENTNUMBER,COURSENAME) values ('S1','CH103');
Insert into AAGRAWA6.COURSESTAKEN (STUDENTNUMBER,COURSENAME) values ('S1','CH104');
Insert into AAGRAWA6.COURSESTAKEN (STUDENTNUMBER,COURSENAME) values ('S2','CH101');
Insert into AAGRAWA6.COURSESTAKEN (STUDENTNUMBER,COURSENAME) values ('S2','CH102');
Insert into AAGRAWA6.COURSESTAKEN (STUDENTNUMBER,COURSENAME) values ('S2','CH104');
Insert into AAGRAWA6.COURSESTAKEN (STUDENTNUMBER,COURSENAME) values ('S3','CH101');
Insert into AAGRAWA6.COURSESTAKEN (STUDENTNUMBER,COURSENAME) values ('S3','CH102');
Insert into AAGRAWA6.COURSESTAKEN (STUDENTNUMBER,COURSENAME) values ('S3','CH103');
Insert into AAGRAWA6.COURSESTAKEN (STUDENTNUMBER,COURSENAME) values ('S4','CH102');
Insert into AAGRAWA6.COURSESTAKEN (STUDENTNUMBER,COURSENAME) values ('S4','CH103');
Insert into AAGRAWA6.COURSESTAKEN (STUDENTNUMBER,COURSENAME) values ('S4','CH104');
REM INSERTING into AAGRAWA6.COURSESTEACHES
SET DEFINE OFF;
Insert into AAGRAWA6.COURSESTEACHES (FACULTYNUMBER,COURSENAME) values ('F1','CH101');
Insert into AAGRAWA6.COURSESTEACHES (FACULTYNUMBER,COURSENAME) values ('F2','CH102');
Insert into AAGRAWA6.COURSESTEACHES (FACULTYNUMBER,COURSENAME) values ('F3','CH103');
Insert into AAGRAWA6.COURSESTEACHES (FACULTYNUMBER,COURSENAME) values ('F4','CH104');
REM INSERTING into AAGRAWA6.ECOPYCHECKOUT
SET DEFINE OFF;
REM INSERTING into AAGRAWA6.EPUBLICATIONCHECKOUT
SET DEFINE OFF;
Insert into AAGRAWA6.EPUBLICATIONCHECKOUT (RESOURCEID,CHECKOUTTIME,STUDENTNUMBER,FACULTYNUMBER) values (19,to_timestamp('02-NOV-15 01.08.43.185000000 AM','DD-MON-RR HH.MI.SSXFF AM'),'S1',null);
Insert into AAGRAWA6.EPUBLICATIONCHECKOUT (RESOURCEID,CHECKOUTTIME,STUDENTNUMBER,FACULTYNUMBER) values (6,to_timestamp('02-NOV-15 01.17.01.676000000 AM','DD-MON-RR HH.MI.SSXFF AM'),'S1',null);
Insert into AAGRAWA6.EPUBLICATIONCHECKOUT (RESOURCEID,CHECKOUTTIME,STUDENTNUMBER,FACULTYNUMBER) values (6,to_timestamp('02-NOV-15 01.22.25.905000000 AM','DD-MON-RR HH.MI.SSXFF AM'),'S1',null);
Insert into AAGRAWA6.EPUBLICATIONCHECKOUT (RESOURCEID,CHECKOUTTIME,STUDENTNUMBER,FACULTYNUMBER) values (21,to_timestamp('02-NOV-15 01.23.00.867000000 AM','DD-MON-RR HH.MI.SSXFF AM'),'S1',null);
Insert into AAGRAWA6.EPUBLICATIONCHECKOUT (RESOURCEID,CHECKOUTTIME,STUDENTNUMBER,FACULTYNUMBER) values (6,to_timestamp('03-NOV-15 01.44.16.368000000 AM','DD-MON-RR HH.MI.SSXFF AM'),null,'F1');
Insert into AAGRAWA6.EPUBLICATIONCHECKOUT (RESOURCEID,CHECKOUTTIME,STUDENTNUMBER,FACULTYNUMBER) values (18,to_timestamp('02-NOV-15 01.22.42.946000000 AM','DD-MON-RR HH.MI.SSXFF AM'),'S1',null);
Insert into AAGRAWA6.EPUBLICATIONCHECKOUT (RESOURCEID,CHECKOUTTIME,STUDENTNUMBER,FACULTYNUMBER) values (7,to_timestamp('03-NOV-15 01.39.42.014000000 AM','DD-MON-RR HH.MI.SSXFF AM'),null,'F1');
Insert into AAGRAWA6.EPUBLICATIONCHECKOUT (RESOURCEID,CHECKOUTTIME,STUDENTNUMBER,FACULTYNUMBER) values (6,to_timestamp('03-NOV-15 01.45.44.797000000 AM','DD-MON-RR HH.MI.SSXFF AM'),null,'F1');
Insert into AAGRAWA6.EPUBLICATIONCHECKOUT (RESOURCEID,CHECKOUTTIME,STUDENTNUMBER,FACULTYNUMBER) values (6,to_timestamp('02-NOV-15 01.07.50.601000000 AM','DD-MON-RR HH.MI.SSXFF AM'),'S1',null);
Insert into AAGRAWA6.EPUBLICATIONCHECKOUT (RESOURCEID,CHECKOUTTIME,STUDENTNUMBER,FACULTYNUMBER) values (6,to_timestamp('02-NOV-15 01.08.03.518000000 AM','DD-MON-RR HH.MI.SSXFF AM'),'S1',null);
Insert into AAGRAWA6.EPUBLICATIONCHECKOUT (RESOURCEID,CHECKOUTTIME,STUDENTNUMBER,FACULTYNUMBER) values (20,to_timestamp('02-NOV-15 01.14.11.190000000 AM','DD-MON-RR HH.MI.SSXFF AM'),'S1',null);
REM INSERTING into AAGRAWA6.FACULTY
SET DEFINE OFF;
Insert into AAGRAWA6.FACULTY (FACULTYNUMBER,FNAME,LNAME,CATEGORYID,NATIONALITY,DEPARTMENT,HOLD,FINE) values ('F1','Walter','White',1,'American','Chemistry','No   ',0);
Insert into AAGRAWA6.FACULTY (FACULTYNUMBER,FNAME,LNAME,CATEGORYID,NATIONALITY,DEPARTMENT,HOLD,FINE) values ('F2','Gustavo','Fring',2,'American','Chemistry','No   ',0);
Insert into AAGRAWA6.FACULTY (FACULTYNUMBER,FNAME,LNAME,CATEGORYID,NATIONALITY,DEPARTMENT,HOLD,FINE) values ('F3','Hank','Schrader',3,'American','Chemistry','No   ',0);
Insert into AAGRAWA6.FACULTY (FACULTYNUMBER,FNAME,LNAME,CATEGORYID,NATIONALITY,DEPARTMENT,HOLD,FINE) values ('F4','Skyler','White',1,'American','Chemistry','No   ',0);
REM INSERTING into AAGRAWA6.FACULTYCATEGORY
SET DEFINE OFF;
Insert into AAGRAWA6.FACULTYCATEGORY (CATEGORYID,CATEGORYDESC) values (3,'Associate Professor');
Insert into AAGRAWA6.FACULTYCATEGORY (CATEGORYID,CATEGORYDESC) values (1,'Professor');
Insert into AAGRAWA6.FACULTYCATEGORY (CATEGORYID,CATEGORYDESC) values (2,'Assistant Professor');
REM INSERTING into AAGRAWA6.FINE
SET DEFINE OFF;
REM INSERTING into AAGRAWA6.FINECOLLECTED
SET DEFINE OFF;
Insert into AAGRAWA6.FINECOLLECTED (STUDENTNUMBER,FACULTYNUMBER,TYPEOFRESOURCE,NAMEOFRESOURCE,FINE,DURATIONRETURN,CHECKOUTTIME,RETURNTIME) values (null,'F1','Camera','CA3',120,to_timestamp('03-NOV-15 04.41.55.719000000 PM','DD-MON-RR HH.MI.SSXFF AM'),null,null);
Insert into AAGRAWA6.FINECOLLECTED (STUDENTNUMBER,FACULTYNUMBER,TYPEOFRESOURCE,NAMEOFRESOURCE,FINE,DURATIONRETURN,CHECKOUTTIME,RETURNTIME) values ('S2',null,'Books','B2',464,to_timestamp('03-NOV-15 04.50.21.092000000 PM','DD-MON-RR HH.MI.SSXFF AM'),null,null);
Insert into AAGRAWA6.FINECOLLECTED (STUDENTNUMBER,FACULTYNUMBER,TYPEOFRESOURCE,NAMEOFRESOURCE,FINE,DURATIONRETURN,CHECKOUTTIME,RETURNTIME) values ('S1',null,'Books','B4',30,to_timestamp('03-NOV-15 04.34.27.641000000 PM','DD-MON-RR HH.MI.SSXFF AM'),null,null);
Insert into AAGRAWA6.FINECOLLECTED (STUDENTNUMBER,FACULTYNUMBER,TYPEOFRESOURCE,NAMEOFRESOURCE,FINE,DURATIONRETURN,CHECKOUTTIME,RETURNTIME) values ('S2',null,'Books','B2',16,to_timestamp('03-NOV-15 04.47.33.873000000 PM','DD-MON-RR HH.MI.SSXFF AM'),null,null);
Insert into AAGRAWA6.FINECOLLECTED (STUDENTNUMBER,FACULTYNUMBER,TYPEOFRESOURCE,NAMEOFRESOURCE,FINE,DURATIONRETURN,CHECKOUTTIME,RETURNTIME) values ('S1',null,'Camera','CA1',289,to_timestamp('03-NOV-15 04.37.16.387000000 PM','DD-MON-RR HH.MI.SSXFF AM'),null,null);
Insert into AAGRAWA6.FINECOLLECTED (STUDENTNUMBER,FACULTYNUMBER,TYPEOFRESOURCE,NAMEOFRESOURCE,FINE,DURATIONRETURN,CHECKOUTTIME,RETURNTIME) values (null,'F1','Books','B2',36,to_timestamp('03-NOV-15 04.40.50.030000000 PM','DD-MON-RR HH.MI.SSXFF AM'),null,null);
Insert into AAGRAWA6.FINECOLLECTED (STUDENTNUMBER,FACULTYNUMBER,TYPEOFRESOURCE,NAMEOFRESOURCE,FINE,DURATIONRETURN,CHECKOUTTIME,RETURNTIME) values ('S2',null,'Camera','CA1',456,to_timestamp('03-NOV-15 04.48.57.304000000 PM','DD-MON-RR HH.MI.SSXFF AM'),null,null);
REM INSERTING into AAGRAWA6.FINEPATRONS
SET DEFINE OFF;
Insert into AAGRAWA6.FINEPATRONS (COUNT,ID,FIRSTNAME,LASTNAME) values (2,'F1','Walter','White');
Insert into AAGRAWA6.FINEPATRONS (COUNT,ID,FIRSTNAME,LASTNAME) values (2,'S1','Jesse','Pinkman');
Insert into AAGRAWA6.FINEPATRONS (COUNT,ID,FIRSTNAME,LASTNAME) values (3,'S2','Walt','Jr.');
REM INSERTING into AAGRAWA6.JOURNAL
SET DEFINE OFF;
Insert into AAGRAWA6.JOURNAL (ISSN,TITLE,YEAR,LIBRARYID,CATEGORYID,RESOURCEID,ECOPY,NUMBEROFCOPIES,AVAILABLECOPIES) values ('J1','Journal of Web Semantic','2010',1,4,18,'1',1,0);
Insert into AAGRAWA6.JOURNAL (ISSN,TITLE,YEAR,LIBRARYID,CATEGORYID,RESOURCEID,ECOPY,NUMBEROFCOPIES,AVAILABLECOPIES) values ('J2','International Journal on Semantic Web and Information','2011',1,4,19,'1',1,0);
REM INSERTING into AAGRAWA6.JOURNALAUTHOR
SET DEFINE OFF;
Insert into AAGRAWA6.JOURNALAUTHOR (ISSN,AUTHORID) values ('J1',10);
Insert into AAGRAWA6.JOURNALAUTHOR (ISSN,AUTHORID) values ('J2',11);
REM INSERTING into AAGRAWA6.LIBRARY
SET DEFINE OFF;
Insert into AAGRAWA6.LIBRARY (LIBRARYID,LIBRARYNAME) values (1,'DH HILL');
Insert into AAGRAWA6.LIBRARY (LIBRARYID,LIBRARYNAME) values (2,'JAMES B HUNT');
REM INSERTING into AAGRAWA6.LIBRARYCATEGORY
SET DEFINE OFF;
Insert into AAGRAWA6.LIBRARYCATEGORY (CATEGORYID,CATEGORY,LIBRARYID) values (4,'JOURNALS',1);
Insert into AAGRAWA6.LIBRARYCATEGORY (CATEGORYID,CATEGORY,LIBRARYID) values (4,'JOURNALS',2);
Insert into AAGRAWA6.LIBRARYCATEGORY (CATEGORYID,CATEGORY,LIBRARYID) values (5,'ROOMS',1);
Insert into AAGRAWA6.LIBRARYCATEGORY (CATEGORYID,CATEGORY,LIBRARYID) values (5,'ROOMS',2);
Insert into AAGRAWA6.LIBRARYCATEGORY (CATEGORYID,CATEGORY,LIBRARYID) values (1,'BOOKS',1);
Insert into AAGRAWA6.LIBRARYCATEGORY (CATEGORYID,CATEGORY,LIBRARYID) values (2,'CAMERAS',1);
Insert into AAGRAWA6.LIBRARYCATEGORY (CATEGORYID,CATEGORY,LIBRARYID) values (3,'CONFERENCE PAPERS',1);
Insert into AAGRAWA6.LIBRARYCATEGORY (CATEGORYID,CATEGORY,LIBRARYID) values (1,'BOOKS',2);
Insert into AAGRAWA6.LIBRARYCATEGORY (CATEGORYID,CATEGORY,LIBRARYID) values (2,'CAMERAS',2);
Insert into AAGRAWA6.LIBRARYCATEGORY (CATEGORYID,CATEGORY,LIBRARYID) values (3,'CONFERENCE PAPERS',2);
REM INSERTING into AAGRAWA6.LOGININFOFACULTY
SET DEFINE OFF;
Insert into AAGRAWA6.LOGININFOFACULTY (USERNAME,PASSWORD,FACULTYNUMBER) values ('wwhite','wwhite','F1');
Insert into AAGRAWA6.LOGININFOFACULTY (USERNAME,PASSWORD,FACULTYNUMBER) values ('gring','gfring','F2');
Insert into AAGRAWA6.LOGININFOFACULTY (USERNAME,PASSWORD,FACULTYNUMBER) values ('hschrader','hschrader','F3');
Insert into AAGRAWA6.LOGININFOFACULTY (USERNAME,PASSWORD,FACULTYNUMBER) values ('swhite','swhite','F4');
REM INSERTING into AAGRAWA6.LOGININFOSTUDENT
SET DEFINE OFF;
Insert into AAGRAWA6.LOGININFOSTUDENT (USERNAME,PASSWORD,STUDENTNUMBER) values ('akash','akash','1001');
Insert into AAGRAWA6.LOGININFOSTUDENT (USERNAME,PASSWORD,STUDENTNUMBER) values ('jpink','jpink','S1');
Insert into AAGRAWA6.LOGININFOSTUDENT (USERNAME,PASSWORD,STUDENTNUMBER) values ('wjr','wjr','S2');
Insert into AAGRAWA6.LOGININFOSTUDENT (USERNAME,PASSWORD,STUDENTNUMBER) values ('gboet','gboet','S3');
Insert into AAGRAWA6.LOGININFOSTUDENT (USERNAME,PASSWORD,STUDENTNUMBER) values ('sgood','sgood','S4');
REM INSERTING into AAGRAWA6.PROGRAMME
SET DEFINE OFF;
Insert into AAGRAWA6.PROGRAMME (PROGRAMID,CLASSIFICATION,DEGREEPROGRAM,YEAR) values (1,'Graduate','MS','1st');
Insert into AAGRAWA6.PROGRAMME (PROGRAMID,CLASSIFICATION,DEGREEPROGRAM,YEAR) values (2,'Graduate','MS','2nd');
Insert into AAGRAWA6.PROGRAMME (PROGRAMID,CLASSIFICATION,DEGREEPROGRAM,YEAR) values (3,'PostGraduate','PHD','1st');
Insert into AAGRAWA6.PROGRAMME (PROGRAMID,CLASSIFICATION,DEGREEPROGRAM,YEAR) values (4,'UnderGraduate','BS','1st');
Insert into AAGRAWA6.PROGRAMME (PROGRAMID,CLASSIFICATION,DEGREEPROGRAM,YEAR) values (5,'Undergraduate','BS','2nd');
Insert into AAGRAWA6.PROGRAMME (PROGRAMID,CLASSIFICATION,DEGREEPROGRAM,YEAR) values (6,'Undergraduate','BS','3rd');
REM INSERTING into AAGRAWA6.REMINDER
SET DEFINE OFF;
Insert into AAGRAWA6.REMINDER (REMINDERID,STUDENTNUMBER,FACULTYNUMBER,REMINDERRESOURCETYPE,REMINDERMESSAGE,TIMESTAMP) values (1,'S4',null,'Camera','CA2 Reservation Cancelled',to_timestamp('03-NOV-15 07.43.57.000000000 PM','DD-MON-RR HH.MI.SSXFF AM'));
Insert into AAGRAWA6.REMINDER (REMINDERID,STUDENTNUMBER,FACULTYNUMBER,REMINDERRESOURCETYPE,REMINDERMESSAGE,TIMESTAMP) values (1,'S4',null,'Camera','CA2 Camera Ready for Pickup',to_timestamp('03-NOV-15 07.43.57.000000000 PM','DD-MON-RR HH.MI.SSXFF AM'));
REM INSERTING into AAGRAWA6.RESOURCES
SET DEFINE OFF;
Insert into AAGRAWA6.RESOURCES (RESOURCEID) values (1);
Insert into AAGRAWA6.RESOURCES (RESOURCEID) values (2);
Insert into AAGRAWA6.RESOURCES (RESOURCEID) values (3);
Insert into AAGRAWA6.RESOURCES (RESOURCEID) values (4);
Insert into AAGRAWA6.RESOURCES (RESOURCEID) values (5);
Insert into AAGRAWA6.RESOURCES (RESOURCEID) values (6);
Insert into AAGRAWA6.RESOURCES (RESOURCEID) values (7);
Insert into AAGRAWA6.RESOURCES (RESOURCEID) values (8);
Insert into AAGRAWA6.RESOURCES (RESOURCEID) values (9);
Insert into AAGRAWA6.RESOURCES (RESOURCEID) values (10);
Insert into AAGRAWA6.RESOURCES (RESOURCEID) values (11);
Insert into AAGRAWA6.RESOURCES (RESOURCEID) values (12);
Insert into AAGRAWA6.RESOURCES (RESOURCEID) values (13);
Insert into AAGRAWA6.RESOURCES (RESOURCEID) values (14);
Insert into AAGRAWA6.RESOURCES (RESOURCEID) values (15);
Insert into AAGRAWA6.RESOURCES (RESOURCEID) values (16);
Insert into AAGRAWA6.RESOURCES (RESOURCEID) values (17);
Insert into AAGRAWA6.RESOURCES (RESOURCEID) values (18);
Insert into AAGRAWA6.RESOURCES (RESOURCEID) values (19);
Insert into AAGRAWA6.RESOURCES (RESOURCEID) values (20);
Insert into AAGRAWA6.RESOURCES (RESOURCEID) values (21);
REM INSERTING into AAGRAWA6.ROOM
SET DEFINE OFF;
Insert into AAGRAWA6.ROOM (ROOMID,ROOMNUMBER,LIBRARYID,CATEGORYID,FLOORNO,CAPACITY,TYPE) values (1,'1',1,5,1,25,'STUDY');
Insert into AAGRAWA6.ROOM (ROOMID,ROOMNUMBER,LIBRARYID,CATEGORYID,FLOORNO,CAPACITY,TYPE) values (2,'2',1,5,1,50,'LARGE-STUDY');
Insert into AAGRAWA6.ROOM (ROOMID,ROOMNUMBER,LIBRARYID,CATEGORYID,FLOORNO,CAPACITY,TYPE) values (3,'3',2,5,2,25,'STUDY');
Insert into AAGRAWA6.ROOM (ROOMID,ROOMNUMBER,LIBRARYID,CATEGORYID,FLOORNO,CAPACITY,TYPE) values (4,'4',2,5,2,50,'LARGE-STUDY');
Insert into AAGRAWA6.ROOM (ROOMID,ROOMNUMBER,LIBRARYID,CATEGORYID,FLOORNO,CAPACITY,TYPE) values (5,'R1',2,5,3,2,'Conference Room');
Insert into AAGRAWA6.ROOM (ROOMID,ROOMNUMBER,LIBRARYID,CATEGORYID,FLOORNO,CAPACITY,TYPE) values (6,'R2',2,5,3,3,'Study Room');
Insert into AAGRAWA6.ROOM (ROOMID,ROOMNUMBER,LIBRARYID,CATEGORYID,FLOORNO,CAPACITY,TYPE) values (7,'R3',1,5,2,4,'Study Room');
Insert into AAGRAWA6.ROOM (ROOMID,ROOMNUMBER,LIBRARYID,CATEGORYID,FLOORNO,CAPACITY,TYPE) values (8,'R4',2,5,3,3,'Conference Room');
Insert into AAGRAWA6.ROOM (ROOMID,ROOMNUMBER,LIBRARYID,CATEGORYID,FLOORNO,CAPACITY,TYPE) values (9,'R5',2,5,3,4,'Study Room');
Insert into AAGRAWA6.ROOM (ROOMID,ROOMNUMBER,LIBRARYID,CATEGORYID,FLOORNO,CAPACITY,TYPE) values (10,'R6',1,5,3,4,'Study Room');
Insert into AAGRAWA6.ROOM (ROOMID,ROOMNUMBER,LIBRARYID,CATEGORYID,FLOORNO,CAPACITY,TYPE) values (11,'R7',2,5,2,2,'Study Room');
REM INSERTING into AAGRAWA6.ROOMRESERVATION
SET DEFINE OFF;
Insert into AAGRAWA6.ROOMRESERVATION (RESERVATIONID,ROOMID,STARTTIME,ENDTIME,STUDENTNUMBER,FACULTYNUMBER) values (1,10,to_timestamp('06-NOV-15 07.35.00.000000000 PM','DD-MON-RR HH.MI.SSXFF AM'),to_timestamp('06-NOV-15 08.35.00.000000000 PM','DD-MON-RR HH.MI.SSXFF AM'),null,'F1');
REM INSERTING into AAGRAWA6.ROOMRESERVATIONLOG
SET DEFINE OFF;
REM INSERTING into AAGRAWA6.ROOMRESERVATIONNULLLOG
SET DEFINE OFF;
Insert into AAGRAWA6.ROOMRESERVATIONNULLLOG (ROOMID,STARTTIME,ENDTIME,STUDENTNUMBER,FACULTYNUMBER) values (1,to_timestamp('30-OCT-15 08.02.00.000000000 PM','DD-MON-RR HH.MI.SSXFF AM'),to_timestamp('30-OCT-15 09.02.00.000000000 PM','DD-MON-RR HH.MI.SSXFF AM'),null,'F1');
Insert into AAGRAWA6.ROOMRESERVATIONNULLLOG (ROOMID,STARTTIME,ENDTIME,STUDENTNUMBER,FACULTYNUMBER) values (7,to_timestamp('01-NOV-15 07.08.00.000000000 PM','DD-MON-RR HH.MI.SSXFF AM'),to_timestamp('01-NOV-15 08.08.00.000000000 PM','DD-MON-RR HH.MI.SSXFF AM'),'S1',null);
Insert into AAGRAWA6.ROOMRESERVATIONNULLLOG (ROOMID,STARTTIME,ENDTIME,STUDENTNUMBER,FACULTYNUMBER) values (10,to_timestamp('22-OCT-15 06.08.00.000000000 PM','DD-MON-RR HH.MI.SSXFF AM'),to_timestamp('22-OCT-15 08.08.00.000000000 PM','DD-MON-RR HH.MI.SSXFF AM'),'S1',null);
Insert into AAGRAWA6.ROOMRESERVATIONNULLLOG (ROOMID,STARTTIME,ENDTIME,STUDENTNUMBER,FACULTYNUMBER) values (3,to_timestamp('22-OCT-15 04.26.00.000000000 PM','DD-MON-RR HH.MI.SSXFF AM'),to_timestamp('22-OCT-15 06.26.00.000000000 PM','DD-MON-RR HH.MI.SSXFF AM'),'S1',null);
Insert into AAGRAWA6.ROOMRESERVATIONNULLLOG (ROOMID,STARTTIME,ENDTIME,STUDENTNUMBER,FACULTYNUMBER) values (7,to_timestamp('02-NOV-15 04.24.00.000000000 PM','DD-MON-RR HH.MI.SSXFF AM'),to_timestamp('02-NOV-15 06.24.00.000000000 PM','DD-MON-RR HH.MI.SSXFF AM'),'S2',null);
Insert into AAGRAWA6.ROOMRESERVATIONNULLLOG (ROOMID,STARTTIME,ENDTIME,STUDENTNUMBER,FACULTYNUMBER) values (6,to_timestamp('19-OCT-15 04.29.00.000000000 PM','DD-MON-RR HH.MI.SSXFF AM'),to_timestamp('19-OCT-15 07.29.00.000000000 PM','DD-MON-RR HH.MI.SSXFF AM'),'S1',null);
REM INSERTING into AAGRAWA6.STUDENT
SET DEFINE OFF;
Insert into AAGRAWA6.STUDENT (STUDENTNUMBER,FNAME,LNAME,PHONENUMBER,ALTERNATEPHONE,STREET,CITY,POSTCODE,DOB,SEX,NATIONALITY,DEPARTMENT,PROGRAMID,STATE,FINE) values ('S1','Jesse','Pinkman',1234567891,1234567871,'1511 Graduate Lane','Raleigh',27606,to_date('10-MAR-88','DD-MON-RR'),'M','American','Chemistry',4,'NC',8);
Insert into AAGRAWA6.STUDENT (STUDENTNUMBER,FNAME,LNAME,PHONENUMBER,ALTERNATEPHONE,STREET,CITY,POSTCODE,DOB,SEX,NATIONALITY,DEPARTMENT,PROGRAMID,STATE,FINE) values ('S2','Walt','Jr.',123456780,123456781,'1512 Graduate Lane','Raleigh',27606,to_date('11-MAR-88','DD-MON-RR'),'M','American','Chemistry',5,'NC',0);
Insert into AAGRAWA6.STUDENT (STUDENTNUMBER,FNAME,LNAME,PHONENUMBER,ALTERNATEPHONE,STREET,CITY,POSTCODE,DOB,SEX,NATIONALITY,DEPARTMENT,PROGRAMID,STATE,FINE) values ('S3','Gale','Boetticher',123456782,123456783,'1513 Graduate Lane','Raleigh',27606,to_date('12-MAR-88','DD-MON-RR'),'M','Chile','Chemistry',6,'NC',0);
Insert into AAGRAWA6.STUDENT (STUDENTNUMBER,FNAME,LNAME,PHONENUMBER,ALTERNATEPHONE,STREET,CITY,POSTCODE,DOB,SEX,NATIONALITY,DEPARTMENT,PROGRAMID,STATE,FINE) values ('S4','Saul','Goodman',1234567841,1234567851,'1514 Graduate Lane','Raleigh',27606,to_date('01-MAR-88','DD-MON-RR'),'M','American','Chemistry',2,'NC',0);
REM INSERTING into AAGRAWA6.STUDENTHOLD
SET DEFINE OFF;
--------------------------------------------------------
--  DDL for Index PK_CONFERENCEAUTHOR
--------------------------------------------------------

  CREATE UNIQUE INDEX "AAGRAWA6"."PK_CONFERENCEAUTHOR" ON "AAGRAWA6"."CONFERENCEAUTHOR" ("CONFERENCENUMBER", "AUTHORID") 
  PCTFREE 10 INITRANS 2 MAXTRANS 255 COMPUTE STATISTICS 
  STORAGE(INITIAL 65536 NEXT 1048576 MINEXTENTS 1 MAXEXTENTS 2147483645
  PCTINCREASE 0 FREELISTS 1 FREELIST GROUPS 1 BUFFER_POOL DEFAULT FLASH_CACHE DEFAULT CELL_FLASH_CACHE DEFAULT)
  TABLESPACE "USERS" ;
--------------------------------------------------------
--  DDL for Index PK_CAMERA
--------------------------------------------------------

  CREATE UNIQUE INDEX "AAGRAWA6"."PK_CAMERA" ON "AAGRAWA6"."CAMERA" ("CAMERAID") 
  PCTFREE 10 INITRANS 2 MAXTRANS 255 COMPUTE STATISTICS 
  STORAGE(INITIAL 65536 NEXT 1048576 MINEXTENTS 1 MAXEXTENTS 2147483645
  PCTINCREASE 0 FREELISTS 1 FREELIST GROUPS 1 BUFFER_POOL DEFAULT FLASH_CACHE DEFAULT CELL_FLASH_CACHE DEFAULT)
  TABLESPACE "USERS" ;
--------------------------------------------------------
--  DDL for Index PK_STUDENT
--------------------------------------------------------

  CREATE UNIQUE INDEX "AAGRAWA6"."PK_STUDENT" ON "AAGRAWA6"."STUDENT" ("STUDENTNUMBER") 
  PCTFREE 10 INITRANS 2 MAXTRANS 255 COMPUTE STATISTICS 
  STORAGE(INITIAL 65536 NEXT 1048576 MINEXTENTS 1 MAXEXTENTS 2147483645
  PCTINCREASE 0 FREELISTS 1 FREELIST GROUPS 1 BUFFER_POOL DEFAULT FLASH_CACHE DEFAULT CELL_FLASH_CACHE DEFAULT)
  TABLESPACE "USERS" ;
--------------------------------------------------------
--  DDL for Index PK_COURSESTEACHES
--------------------------------------------------------

  CREATE UNIQUE INDEX "AAGRAWA6"."PK_COURSESTEACHES" ON "AAGRAWA6"."COURSESTEACHES" ("FACULTYNUMBER", "COURSENAME") 
  PCTFREE 10 INITRANS 2 MAXTRANS 255 COMPUTE STATISTICS 
  STORAGE(INITIAL 65536 NEXT 1048576 MINEXTENTS 1 MAXEXTENTS 2147483645
  PCTINCREASE 0 FREELISTS 1 FREELIST GROUPS 1 BUFFER_POOL DEFAULT FLASH_CACHE DEFAULT CELL_FLASH_CACHE DEFAULT)
  TABLESPACE "USERS" ;
--------------------------------------------------------
--  DDL for Index PK_BOOKAUTHOR
--------------------------------------------------------

  CREATE UNIQUE INDEX "AAGRAWA6"."PK_BOOKAUTHOR" ON "AAGRAWA6"."BOOKAUTHOR" ("ISBN", "AUTHORID") 
  PCTFREE 10 INITRANS 2 MAXTRANS 255 COMPUTE STATISTICS 
  STORAGE(INITIAL 65536 NEXT 1048576 MINEXTENTS 1 MAXEXTENTS 2147483645
  PCTINCREASE 0 FREELISTS 1 FREELIST GROUPS 1 BUFFER_POOL DEFAULT FLASH_CACHE DEFAULT CELL_FLASH_CACHE DEFAULT)
  TABLESPACE "USERS" ;
--------------------------------------------------------
--  DDL for Index PK_PROGRAMME
--------------------------------------------------------

  CREATE UNIQUE INDEX "AAGRAWA6"."PK_PROGRAMME" ON "AAGRAWA6"."PROGRAMME" ("PROGRAMID") 
  PCTFREE 10 INITRANS 2 MAXTRANS 255 COMPUTE STATISTICS 
  STORAGE(INITIAL 65536 NEXT 1048576 MINEXTENTS 1 MAXEXTENTS 2147483645
  PCTINCREASE 0 FREELISTS 1 FREELIST GROUPS 1 BUFFER_POOL DEFAULT FLASH_CACHE DEFAULT CELL_FLASH_CACHE DEFAULT)
  TABLESPACE "USERS" ;
--------------------------------------------------------
--  DDL for Index PK_LIBRARYCATEGORY
--------------------------------------------------------

  CREATE UNIQUE INDEX "AAGRAWA6"."PK_LIBRARYCATEGORY" ON "AAGRAWA6"."LIBRARYCATEGORY" ("LIBRARYID", "CATEGORYID") 
  PCTFREE 10 INITRANS 2 MAXTRANS 255 COMPUTE STATISTICS 
  STORAGE(INITIAL 65536 NEXT 1048576 MINEXTENTS 1 MAXEXTENTS 2147483645
  PCTINCREASE 0 FREELISTS 1 FREELIST GROUPS 1 BUFFER_POOL DEFAULT FLASH_CACHE DEFAULT CELL_FLASH_CACHE DEFAULT)
  TABLESPACE "USERS" ;
--------------------------------------------------------
--  DDL for Index PK_AUTHOR
--------------------------------------------------------

  CREATE UNIQUE INDEX "AAGRAWA6"."PK_AUTHOR" ON "AAGRAWA6"."AUTHOR" ("AUTHORID") 
  PCTFREE 10 INITRANS 2 MAXTRANS 255 COMPUTE STATISTICS 
  STORAGE(INITIAL 65536 NEXT 1048576 MINEXTENTS 1 MAXEXTENTS 2147483645
  PCTINCREASE 0 FREELISTS 1 FREELIST GROUPS 1 BUFFER_POOL DEFAULT FLASH_CACHE DEFAULT CELL_FLASH_CACHE DEFAULT)
  TABLESPACE "USERS" ;
--------------------------------------------------------
--  DDL for Index PK_ROOM
--------------------------------------------------------

  CREATE UNIQUE INDEX "AAGRAWA6"."PK_ROOM" ON "AAGRAWA6"."ROOM" ("ROOMID") 
  PCTFREE 10 INITRANS 2 MAXTRANS 255 COMPUTE STATISTICS 
  STORAGE(INITIAL 65536 NEXT 1048576 MINEXTENTS 1 MAXEXTENTS 2147483645
  PCTINCREASE 0 FREELISTS 1 FREELIST GROUPS 1 BUFFER_POOL DEFAULT FLASH_CACHE DEFAULT CELL_FLASH_CACHE DEFAULT)
  TABLESPACE "USERS" ;
--------------------------------------------------------
--  DDL for Index PK_RESOURCE
--------------------------------------------------------

  CREATE UNIQUE INDEX "AAGRAWA6"."PK_RESOURCE" ON "AAGRAWA6"."RESOURCES" ("RESOURCEID") 
  PCTFREE 10 INITRANS 2 MAXTRANS 255 COMPUTE STATISTICS 
  STORAGE(INITIAL 65536 NEXT 1048576 MINEXTENTS 1 MAXEXTENTS 2147483645
  PCTINCREASE 0 FREELISTS 1 FREELIST GROUPS 1 BUFFER_POOL DEFAULT FLASH_CACHE DEFAULT CELL_FLASH_CACHE DEFAULT)
  TABLESPACE "USERS" ;
--------------------------------------------------------
--  DDL for Index PK_LIBRARY
--------------------------------------------------------

  CREATE UNIQUE INDEX "AAGRAWA6"."PK_LIBRARY" ON "AAGRAWA6"."LIBRARY" ("LIBRARYID") 
  PCTFREE 10 INITRANS 2 MAXTRANS 255 COMPUTE STATISTICS 
  STORAGE(INITIAL 65536 NEXT 1048576 MINEXTENTS 1 MAXEXTENTS 2147483645
  PCTINCREASE 0 FREELISTS 1 FREELIST GROUPS 1 BUFFER_POOL DEFAULT FLASH_CACHE DEFAULT CELL_FLASH_CACHE DEFAULT)
  TABLESPACE "USERS" ;
--------------------------------------------------------
--  DDL for Index PK_FACULTYCATEGORY
--------------------------------------------------------

  CREATE UNIQUE INDEX "AAGRAWA6"."PK_FACULTYCATEGORY" ON "AAGRAWA6"."FACULTYCATEGORY" ("CATEGORYID") 
  PCTFREE 10 INITRANS 2 MAXTRANS 255 COMPUTE STATISTICS 
  STORAGE(INITIAL 65536 NEXT 1048576 MINEXTENTS 1 MAXEXTENTS 2147483645
  PCTINCREASE 0 FREELISTS 1 FREELIST GROUPS 1 BUFFER_POOL DEFAULT FLASH_CACHE DEFAULT CELL_FLASH_CACHE DEFAULT)
  TABLESPACE "USERS" ;
--------------------------------------------------------
--  DDL for Index PK_FACULTY
--------------------------------------------------------

  CREATE UNIQUE INDEX "AAGRAWA6"."PK_FACULTY" ON "AAGRAWA6"."FACULTY" ("FACULTYNUMBER") 
  PCTFREE 10 INITRANS 2 MAXTRANS 255 COMPUTE STATISTICS 
  STORAGE(INITIAL 65536 NEXT 1048576 MINEXTENTS 1 MAXEXTENTS 2147483645
  PCTINCREASE 0 FREELISTS 1 FREELIST GROUPS 1 BUFFER_POOL DEFAULT FLASH_CACHE DEFAULT CELL_FLASH_CACHE DEFAULT)
  TABLESPACE "USERS" ;
--------------------------------------------------------
--  DDL for Index PK_BOOK
--------------------------------------------------------

  CREATE UNIQUE INDEX "AAGRAWA6"."PK_BOOK" ON "AAGRAWA6"."BOOK" ("ISBN") 
  PCTFREE 10 INITRANS 2 MAXTRANS 255 COMPUTE STATISTICS 
  STORAGE(INITIAL 65536 NEXT 1048576 MINEXTENTS 1 MAXEXTENTS 2147483645
  PCTINCREASE 0 FREELISTS 1 FREELIST GROUPS 1 BUFFER_POOL DEFAULT FLASH_CACHE DEFAULT CELL_FLASH_CACHE DEFAULT)
  TABLESPACE "USERS" ;
--------------------------------------------------------
--  DDL for Index PK_COURSESTAKEN
--------------------------------------------------------

  CREATE UNIQUE INDEX "AAGRAWA6"."PK_COURSESTAKEN" ON "AAGRAWA6"."COURSESTAKEN" ("STUDENTNUMBER", "COURSENAME") 
  PCTFREE 10 INITRANS 2 MAXTRANS 255 COMPUTE STATISTICS 
  STORAGE(INITIAL 65536 NEXT 1048576 MINEXTENTS 1 MAXEXTENTS 2147483645
  PCTINCREASE 0 FREELISTS 1 FREELIST GROUPS 1 BUFFER_POOL DEFAULT FLASH_CACHE DEFAULT CELL_FLASH_CACHE DEFAULT)
  TABLESPACE "USERS" ;
--------------------------------------------------------
--  DDL for Index PK_COURSES
--------------------------------------------------------

  CREATE UNIQUE INDEX "AAGRAWA6"."PK_COURSES" ON "AAGRAWA6"."COURSES" ("COURSENAME") 
  PCTFREE 10 INITRANS 2 MAXTRANS 255 COMPUTE STATISTICS 
  STORAGE(INITIAL 65536 NEXT 1048576 MINEXTENTS 1 MAXEXTENTS 2147483645
  PCTINCREASE 0 FREELISTS 1 FREELIST GROUPS 1 BUFFER_POOL DEFAULT FLASH_CACHE DEFAULT CELL_FLASH_CACHE DEFAULT)
  TABLESPACE "USERS" ;
--------------------------------------------------------
--  DDL for Index PK_JOURNAL
--------------------------------------------------------

  CREATE UNIQUE INDEX "AAGRAWA6"."PK_JOURNAL" ON "AAGRAWA6"."JOURNAL" ("ISSN") 
  PCTFREE 10 INITRANS 2 MAXTRANS 255 COMPUTE STATISTICS 
  STORAGE(INITIAL 65536 NEXT 1048576 MINEXTENTS 1 MAXEXTENTS 2147483645
  PCTINCREASE 0 FREELISTS 1 FREELIST GROUPS 1 BUFFER_POOL DEFAULT FLASH_CACHE DEFAULT CELL_FLASH_CACHE DEFAULT)
  TABLESPACE "USERS" ;
--------------------------------------------------------
--  DDL for Index PK_CONFERENCE
--------------------------------------------------------

  CREATE UNIQUE INDEX "AAGRAWA6"."PK_CONFERENCE" ON "AAGRAWA6"."CONFERENCE" ("CONFERENCENUMBER") 
  PCTFREE 10 INITRANS 2 MAXTRANS 255 COMPUTE STATISTICS 
  STORAGE(INITIAL 65536 NEXT 1048576 MINEXTENTS 1 MAXEXTENTS 2147483645
  PCTINCREASE 0 FREELISTS 1 FREELIST GROUPS 1 BUFFER_POOL DEFAULT FLASH_CACHE DEFAULT CELL_FLASH_CACHE DEFAULT)
  TABLESPACE "USERS" ;
--------------------------------------------------------
--  DDL for Index PK_BOOKRESERVED
--------------------------------------------------------

  CREATE UNIQUE INDEX "AAGRAWA6"."PK_BOOKRESERVED" ON "AAGRAWA6"."BOOKRESERVED" ("ISBN", "FACULTYNUMBER", "COURSENAME") 
  PCTFREE 10 INITRANS 2 MAXTRANS 255 COMPUTE STATISTICS 
  STORAGE(INITIAL 65536 NEXT 1048576 MINEXTENTS 1 MAXEXTENTS 2147483645
  PCTINCREASE 0 FREELISTS 1 FREELIST GROUPS 1 BUFFER_POOL DEFAULT FLASH_CACHE DEFAULT CELL_FLASH_CACHE DEFAULT)
  TABLESPACE "USERS" ;
--------------------------------------------------------
--  DDL for Index PK_LOGININFOFACULTY
--------------------------------------------------------

  CREATE UNIQUE INDEX "AAGRAWA6"."PK_LOGININFOFACULTY" ON "AAGRAWA6"."LOGININFOFACULTY" ("FACULTYNUMBER") 
  PCTFREE 10 INITRANS 2 MAXTRANS 255 COMPUTE STATISTICS 
  STORAGE(INITIAL 65536 NEXT 1048576 MINEXTENTS 1 MAXEXTENTS 2147483645
  PCTINCREASE 0 FREELISTS 1 FREELIST GROUPS 1 BUFFER_POOL DEFAULT FLASH_CACHE DEFAULT CELL_FLASH_CACHE DEFAULT)
  TABLESPACE "USERS" ;
--------------------------------------------------------
--  DDL for Index PK_CAMERARESERVATION
--------------------------------------------------------

  CREATE UNIQUE INDEX "AAGRAWA6"."PK_CAMERARESERVATION" ON "AAGRAWA6"."CAMERARESERVATION" ("RESERVATIONID") 
  PCTFREE 10 INITRANS 2 MAXTRANS 255 COMPUTE STATISTICS 
  STORAGE(INITIAL 65536 NEXT 1048576 MINEXTENTS 1 MAXEXTENTS 2147483645
  PCTINCREASE 0 FREELISTS 1 FREELIST GROUPS 1 BUFFER_POOL DEFAULT FLASH_CACHE DEFAULT CELL_FLASH_CACHE DEFAULT)
  TABLESPACE "USERS" ;
--------------------------------------------------------
--  DDL for Index PK_LOGININFOSTUDENT
--------------------------------------------------------

  CREATE UNIQUE INDEX "AAGRAWA6"."PK_LOGININFOSTUDENT" ON "AAGRAWA6"."LOGININFOSTUDENT" ("STUDENTNUMBER") 
  PCTFREE 10 INITRANS 2 MAXTRANS 255 COMPUTE STATISTICS 
  STORAGE(INITIAL 65536 NEXT 1048576 MINEXTENTS 1 MAXEXTENTS 2147483645
  PCTINCREASE 0 FREELISTS 1 FREELIST GROUPS 1 BUFFER_POOL DEFAULT FLASH_CACHE DEFAULT CELL_FLASH_CACHE DEFAULT)
  TABLESPACE "USERS" ;
--------------------------------------------------------
--  DDL for Index PK_ROOMRESERVATION
--------------------------------------------------------

  CREATE UNIQUE INDEX "AAGRAWA6"."PK_ROOMRESERVATION" ON "AAGRAWA6"."ROOMRESERVATION" ("RESERVATIONID") 
  PCTFREE 10 INITRANS 2 MAXTRANS 255 COMPUTE STATISTICS 
  STORAGE(INITIAL 65536 NEXT 1048576 MINEXTENTS 1 MAXEXTENTS 2147483645
  PCTINCREASE 0 FREELISTS 1 FREELIST GROUPS 1 BUFFER_POOL DEFAULT FLASH_CACHE DEFAULT CELL_FLASH_CACHE DEFAULT)
  TABLESPACE "USERS" ;
--------------------------------------------------------
--  DDL for Index PK_JOURNALAUTHOR
--------------------------------------------------------

  CREATE UNIQUE INDEX "AAGRAWA6"."PK_JOURNALAUTHOR" ON "AAGRAWA6"."JOURNALAUTHOR" ("ISSN", "AUTHORID") 
  PCTFREE 10 INITRANS 2 MAXTRANS 255 COMPUTE STATISTICS 
  STORAGE(INITIAL 65536 NEXT 1048576 MINEXTENTS 1 MAXEXTENTS 2147483645
  PCTINCREASE 0 FREELISTS 1 FREELIST GROUPS 1 BUFFER_POOL DEFAULT FLASH_CACHE DEFAULT CELL_FLASH_CACHE DEFAULT)
  TABLESPACE "USERS" ;
--------------------------------------------------------
--  Constraints for Table PROGRAMME
--------------------------------------------------------

  ALTER TABLE "AAGRAWA6"."PROGRAMME" ADD CONSTRAINT "PK_PROGRAMME" PRIMARY KEY ("PROGRAMID")
  USING INDEX PCTFREE 10 INITRANS 2 MAXTRANS 255 COMPUTE STATISTICS 
  STORAGE(INITIAL 65536 NEXT 1048576 MINEXTENTS 1 MAXEXTENTS 2147483645
  PCTINCREASE 0 FREELISTS 1 FREELIST GROUPS 1 BUFFER_POOL DEFAULT FLASH_CACHE DEFAULT CELL_FLASH_CACHE DEFAULT)
  TABLESPACE "USERS"  ENABLE;
--------------------------------------------------------
--  Constraints for Table FACULTYCATEGORY
--------------------------------------------------------

  ALTER TABLE "AAGRAWA6"."FACULTYCATEGORY" ADD CONSTRAINT "PK_FACULTYCATEGORY" PRIMARY KEY ("CATEGORYID")
  USING INDEX PCTFREE 10 INITRANS 2 MAXTRANS 255 COMPUTE STATISTICS 
  STORAGE(INITIAL 65536 NEXT 1048576 MINEXTENTS 1 MAXEXTENTS 2147483645
  PCTINCREASE 0 FREELISTS 1 FREELIST GROUPS 1 BUFFER_POOL DEFAULT FLASH_CACHE DEFAULT CELL_FLASH_CACHE DEFAULT)
  TABLESPACE "USERS"  ENABLE;
--------------------------------------------------------
--  Constraints for Table COURSESTEACHES
--------------------------------------------------------

  ALTER TABLE "AAGRAWA6"."COURSESTEACHES" ADD CONSTRAINT "PK_COURSESTEACHES" PRIMARY KEY ("FACULTYNUMBER", "COURSENAME")
  USING INDEX PCTFREE 10 INITRANS 2 MAXTRANS 255 COMPUTE STATISTICS 
  STORAGE(INITIAL 65536 NEXT 1048576 MINEXTENTS 1 MAXEXTENTS 2147483645
  PCTINCREASE 0 FREELISTS 1 FREELIST GROUPS 1 BUFFER_POOL DEFAULT FLASH_CACHE DEFAULT CELL_FLASH_CACHE DEFAULT)
  TABLESPACE "USERS"  ENABLE;
--------------------------------------------------------
--  Constraints for Table LOGININFOFACULTY
--------------------------------------------------------

  ALTER TABLE "AAGRAWA6"."LOGININFOFACULTY" ADD CONSTRAINT "PK_LOGININFOFACULTY" PRIMARY KEY ("FACULTYNUMBER")
  USING INDEX PCTFREE 10 INITRANS 2 MAXTRANS 255 COMPUTE STATISTICS 
  STORAGE(INITIAL 65536 NEXT 1048576 MINEXTENTS 1 MAXEXTENTS 2147483645
  PCTINCREASE 0 FREELISTS 1 FREELIST GROUPS 1 BUFFER_POOL DEFAULT FLASH_CACHE DEFAULT CELL_FLASH_CACHE DEFAULT)
  TABLESPACE "USERS"  ENABLE;
--------------------------------------------------------
--  Constraints for Table AUTHOR
--------------------------------------------------------

  ALTER TABLE "AAGRAWA6"."AUTHOR" ADD CONSTRAINT "PK_AUTHOR" PRIMARY KEY ("AUTHORID")
  USING INDEX PCTFREE 10 INITRANS 2 MAXTRANS 255 COMPUTE STATISTICS 
  STORAGE(INITIAL 65536 NEXT 1048576 MINEXTENTS 1 MAXEXTENTS 2147483645
  PCTINCREASE 0 FREELISTS 1 FREELIST GROUPS 1 BUFFER_POOL DEFAULT FLASH_CACHE DEFAULT CELL_FLASH_CACHE DEFAULT)
  TABLESPACE "USERS"  ENABLE;
--------------------------------------------------------
--  Constraints for Table STUDENTHOLD
--------------------------------------------------------

  ALTER TABLE "AAGRAWA6"."STUDENTHOLD" ADD PRIMARY KEY ("STUDENTNUMBER")
  USING INDEX PCTFREE 10 INITRANS 2 MAXTRANS 255 
  STORAGE(INITIAL 65536 NEXT 1048576 MINEXTENTS 1 MAXEXTENTS 2147483645
  PCTINCREASE 0 FREELISTS 1 FREELIST GROUPS 1 BUFFER_POOL DEFAULT FLASH_CACHE DEFAULT CELL_FLASH_CACHE DEFAULT)
  TABLESPACE "USERS"  ENABLE;
--------------------------------------------------------
--  Constraints for Table STUDENT
--------------------------------------------------------

  ALTER TABLE "AAGRAWA6"."STUDENT" ADD CONSTRAINT "PK_STUDENT" PRIMARY KEY ("STUDENTNUMBER")
  USING INDEX PCTFREE 10 INITRANS 2 MAXTRANS 255 COMPUTE STATISTICS 
  STORAGE(INITIAL 65536 NEXT 1048576 MINEXTENTS 1 MAXEXTENTS 2147483645
  PCTINCREASE 0 FREELISTS 1 FREELIST GROUPS 1 BUFFER_POOL DEFAULT FLASH_CACHE DEFAULT CELL_FLASH_CACHE DEFAULT)
  TABLESPACE "USERS"  ENABLE;
 
  ALTER TABLE "AAGRAWA6"."STUDENT" MODIFY ("PROGRAMID" NOT NULL ENABLE);
--------------------------------------------------------
--  Constraints for Table LOGININFOSTUDENT
--------------------------------------------------------

  ALTER TABLE "AAGRAWA6"."LOGININFOSTUDENT" ADD CONSTRAINT "PK_LOGININFOSTUDENT" PRIMARY KEY ("STUDENTNUMBER")
  USING INDEX PCTFREE 10 INITRANS 2 MAXTRANS 255 COMPUTE STATISTICS 
  STORAGE(INITIAL 65536 NEXT 1048576 MINEXTENTS 1 MAXEXTENTS 2147483645
  PCTINCREASE 0 FREELISTS 1 FREELIST GROUPS 1 BUFFER_POOL DEFAULT FLASH_CACHE DEFAULT CELL_FLASH_CACHE DEFAULT)
  TABLESPACE "USERS"  ENABLE;
--------------------------------------------------------
--  Constraints for Table CONFERENCEAUTHOR
--------------------------------------------------------

  ALTER TABLE "AAGRAWA6"."CONFERENCEAUTHOR" ADD CONSTRAINT "PK_CONFERENCEAUTHOR" PRIMARY KEY ("CONFERENCENUMBER", "AUTHORID")
  USING INDEX PCTFREE 10 INITRANS 2 MAXTRANS 255 COMPUTE STATISTICS 
  STORAGE(INITIAL 65536 NEXT 1048576 MINEXTENTS 1 MAXEXTENTS 2147483645
  PCTINCREASE 0 FREELISTS 1 FREELIST GROUPS 1 BUFFER_POOL DEFAULT FLASH_CACHE DEFAULT CELL_FLASH_CACHE DEFAULT)
  TABLESPACE "USERS"  ENABLE;
 
  ALTER TABLE "AAGRAWA6"."CONFERENCEAUTHOR" MODIFY ("CONFERENCENUMBER" NOT NULL ENABLE);
 
  ALTER TABLE "AAGRAWA6"."CONFERENCEAUTHOR" MODIFY ("AUTHORID" NOT NULL ENABLE);
--------------------------------------------------------
--  Constraints for Table JOURNAL
--------------------------------------------------------

  ALTER TABLE "AAGRAWA6"."JOURNAL" ADD CONSTRAINT "PK_JOURNAL" PRIMARY KEY ("ISSN")
  USING INDEX PCTFREE 10 INITRANS 2 MAXTRANS 255 COMPUTE STATISTICS 
  STORAGE(INITIAL 65536 NEXT 1048576 MINEXTENTS 1 MAXEXTENTS 2147483645
  PCTINCREASE 0 FREELISTS 1 FREELIST GROUPS 1 BUFFER_POOL DEFAULT FLASH_CACHE DEFAULT CELL_FLASH_CACHE DEFAULT)
  TABLESPACE "USERS"  ENABLE;
 
  ALTER TABLE "AAGRAWA6"."JOURNAL" MODIFY ("LIBRARYID" NOT NULL ENABLE);
 
  ALTER TABLE "AAGRAWA6"."JOURNAL" MODIFY ("CATEGORYID" NOT NULL ENABLE);
 
  ALTER TABLE "AAGRAWA6"."JOURNAL" MODIFY ("RESOURCEID" NOT NULL ENABLE);
 
  ALTER TABLE "AAGRAWA6"."JOURNAL" ADD CHECK (Ecopy in ('0','1')) ENABLE;
--------------------------------------------------------
--  Constraints for Table LIBRARYCATEGORY
--------------------------------------------------------

  ALTER TABLE "AAGRAWA6"."LIBRARYCATEGORY" ADD CONSTRAINT "PK_LIBRARYCATEGORY" PRIMARY KEY ("LIBRARYID", "CATEGORYID")
  USING INDEX PCTFREE 10 INITRANS 2 MAXTRANS 255 COMPUTE STATISTICS 
  STORAGE(INITIAL 65536 NEXT 1048576 MINEXTENTS 1 MAXEXTENTS 2147483645
  PCTINCREASE 0 FREELISTS 1 FREELIST GROUPS 1 BUFFER_POOL DEFAULT FLASH_CACHE DEFAULT CELL_FLASH_CACHE DEFAULT)
  TABLESPACE "USERS"  ENABLE;
 
  ALTER TABLE "AAGRAWA6"."LIBRARYCATEGORY" MODIFY ("CATEGORYID" NOT NULL ENABLE);
 
  ALTER TABLE "AAGRAWA6"."LIBRARYCATEGORY" MODIFY ("LIBRARYID" NOT NULL ENABLE);
--------------------------------------------------------
--  Constraints for Table CONFERENCE
--------------------------------------------------------

  ALTER TABLE "AAGRAWA6"."CONFERENCE" ADD CONSTRAINT "PK_CONFERENCE" PRIMARY KEY ("CONFERENCENUMBER")
  USING INDEX PCTFREE 10 INITRANS 2 MAXTRANS 255 COMPUTE STATISTICS 
  STORAGE(INITIAL 65536 NEXT 1048576 MINEXTENTS 1 MAXEXTENTS 2147483645
  PCTINCREASE 0 FREELISTS 1 FREELIST GROUPS 1 BUFFER_POOL DEFAULT FLASH_CACHE DEFAULT CELL_FLASH_CACHE DEFAULT)
  TABLESPACE "USERS"  ENABLE;
 
  ALTER TABLE "AAGRAWA6"."CONFERENCE" MODIFY ("LIBRARYID" NOT NULL ENABLE);
 
  ALTER TABLE "AAGRAWA6"."CONFERENCE" MODIFY ("CATEGORYID" NOT NULL ENABLE);
 
  ALTER TABLE "AAGRAWA6"."CONFERENCE" MODIFY ("RESOURCEID" NOT NULL ENABLE);
 
  ALTER TABLE "AAGRAWA6"."CONFERENCE" ADD CHECK (Ecopy in ('0','1')) ENABLE;
--------------------------------------------------------
--  Constraints for Table ROOMRESERVATION
--------------------------------------------------------

  ALTER TABLE "AAGRAWA6"."ROOMRESERVATION" ADD CONSTRAINT "PK_ROOMRESERVATION" PRIMARY KEY ("RESERVATIONID")
  USING INDEX PCTFREE 10 INITRANS 2 MAXTRANS 255 COMPUTE STATISTICS 
  STORAGE(INITIAL 65536 NEXT 1048576 MINEXTENTS 1 MAXEXTENTS 2147483645
  PCTINCREASE 0 FREELISTS 1 FREELIST GROUPS 1 BUFFER_POOL DEFAULT FLASH_CACHE DEFAULT CELL_FLASH_CACHE DEFAULT)
  TABLESPACE "USERS"  ENABLE;
--------------------------------------------------------
--  Constraints for Table BOOKAUTHOR
--------------------------------------------------------

  ALTER TABLE "AAGRAWA6"."BOOKAUTHOR" ADD CONSTRAINT "PK_BOOKAUTHOR" PRIMARY KEY ("ISBN", "AUTHORID")
  USING INDEX PCTFREE 10 INITRANS 2 MAXTRANS 255 COMPUTE STATISTICS 
  STORAGE(INITIAL 65536 NEXT 1048576 MINEXTENTS 1 MAXEXTENTS 2147483645
  PCTINCREASE 0 FREELISTS 1 FREELIST GROUPS 1 BUFFER_POOL DEFAULT FLASH_CACHE DEFAULT CELL_FLASH_CACHE DEFAULT)
  TABLESPACE "USERS"  ENABLE;
 
  ALTER TABLE "AAGRAWA6"."BOOKAUTHOR" MODIFY ("ISBN" NOT NULL ENABLE);
 
  ALTER TABLE "AAGRAWA6"."BOOKAUTHOR" MODIFY ("AUTHORID" NOT NULL ENABLE);
--------------------------------------------------------
--  Constraints for Table COURSESTAKEN
--------------------------------------------------------

  ALTER TABLE "AAGRAWA6"."COURSESTAKEN" ADD CONSTRAINT "PK_COURSESTAKEN" PRIMARY KEY ("STUDENTNUMBER", "COURSENAME")
  USING INDEX PCTFREE 10 INITRANS 2 MAXTRANS 255 COMPUTE STATISTICS 
  STORAGE(INITIAL 65536 NEXT 1048576 MINEXTENTS 1 MAXEXTENTS 2147483645
  PCTINCREASE 0 FREELISTS 1 FREELIST GROUPS 1 BUFFER_POOL DEFAULT FLASH_CACHE DEFAULT CELL_FLASH_CACHE DEFAULT)
  TABLESPACE "USERS"  ENABLE;
--------------------------------------------------------
--  Constraints for Table BOOK
--------------------------------------------------------

  ALTER TABLE "AAGRAWA6"."BOOK" ADD CONSTRAINT "PK_BOOK" PRIMARY KEY ("ISBN")
  USING INDEX PCTFREE 10 INITRANS 2 MAXTRANS 255 COMPUTE STATISTICS 
  STORAGE(INITIAL 65536 NEXT 1048576 MINEXTENTS 1 MAXEXTENTS 2147483645
  PCTINCREASE 0 FREELISTS 1 FREELIST GROUPS 1 BUFFER_POOL DEFAULT FLASH_CACHE DEFAULT CELL_FLASH_CACHE DEFAULT)
  TABLESPACE "USERS"  ENABLE;
 
  ALTER TABLE "AAGRAWA6"."BOOK" MODIFY ("LIBRARYID" NOT NULL ENABLE);
 
  ALTER TABLE "AAGRAWA6"."BOOK" MODIFY ("CATEGORYID" NOT NULL ENABLE);
 
  ALTER TABLE "AAGRAWA6"."BOOK" MODIFY ("RESOURCEID" NOT NULL ENABLE);
 
  ALTER TABLE "AAGRAWA6"."BOOK" ADD CHECK (Ecopy in ('0','1')) ENABLE;
--------------------------------------------------------
--  Constraints for Table CAMERARESERVATION
--------------------------------------------------------

  ALTER TABLE "AAGRAWA6"."CAMERARESERVATION" ADD CONSTRAINT "PK_CAMERARESERVATION" PRIMARY KEY ("RESERVATIONID")
  USING INDEX PCTFREE 10 INITRANS 2 MAXTRANS 255 COMPUTE STATISTICS 
  STORAGE(INITIAL 65536 NEXT 1048576 MINEXTENTS 1 MAXEXTENTS 2147483645
  PCTINCREASE 0 FREELISTS 1 FREELIST GROUPS 1 BUFFER_POOL DEFAULT FLASH_CACHE DEFAULT CELL_FLASH_CACHE DEFAULT)
  TABLESPACE "USERS"  ENABLE;
--------------------------------------------------------
--  Constraints for Table COURSES
--------------------------------------------------------

  ALTER TABLE "AAGRAWA6"."COURSES" ADD CONSTRAINT "PK_COURSES" PRIMARY KEY ("COURSENAME")
  USING INDEX PCTFREE 10 INITRANS 2 MAXTRANS 255 COMPUTE STATISTICS 
  STORAGE(INITIAL 65536 NEXT 1048576 MINEXTENTS 1 MAXEXTENTS 2147483645
  PCTINCREASE 0 FREELISTS 1 FREELIST GROUPS 1 BUFFER_POOL DEFAULT FLASH_CACHE DEFAULT CELL_FLASH_CACHE DEFAULT)
  TABLESPACE "USERS"  ENABLE;
--------------------------------------------------------
--  Constraints for Table FACULTY
--------------------------------------------------------

  ALTER TABLE "AAGRAWA6"."FACULTY" ADD CONSTRAINT "PK_FACULTY" PRIMARY KEY ("FACULTYNUMBER")
  USING INDEX PCTFREE 10 INITRANS 2 MAXTRANS 255 COMPUTE STATISTICS 
  STORAGE(INITIAL 65536 NEXT 1048576 MINEXTENTS 1 MAXEXTENTS 2147483645
  PCTINCREASE 0 FREELISTS 1 FREELIST GROUPS 1 BUFFER_POOL DEFAULT FLASH_CACHE DEFAULT CELL_FLASH_CACHE DEFAULT)
  TABLESPACE "USERS"  ENABLE;
 
  ALTER TABLE "AAGRAWA6"."FACULTY" MODIFY ("CATEGORYID" NOT NULL ENABLE);
--------------------------------------------------------
--  Constraints for Table JOURNALAUTHOR
--------------------------------------------------------

  ALTER TABLE "AAGRAWA6"."JOURNALAUTHOR" ADD CONSTRAINT "PK_JOURNALAUTHOR" PRIMARY KEY ("ISSN", "AUTHORID")
  USING INDEX PCTFREE 10 INITRANS 2 MAXTRANS 255 COMPUTE STATISTICS 
  STORAGE(INITIAL 65536 NEXT 1048576 MINEXTENTS 1 MAXEXTENTS 2147483645
  PCTINCREASE 0 FREELISTS 1 FREELIST GROUPS 1 BUFFER_POOL DEFAULT FLASH_CACHE DEFAULT CELL_FLASH_CACHE DEFAULT)
  TABLESPACE "USERS"  ENABLE;
 
  ALTER TABLE "AAGRAWA6"."JOURNALAUTHOR" MODIFY ("ISSN" NOT NULL ENABLE);
 
  ALTER TABLE "AAGRAWA6"."JOURNALAUTHOR" MODIFY ("AUTHORID" NOT NULL ENABLE);
--------------------------------------------------------
--  Constraints for Table BOOKRESERVED
--------------------------------------------------------

  ALTER TABLE "AAGRAWA6"."BOOKRESERVED" ADD CONSTRAINT "PK_BOOKRESERVED" PRIMARY KEY ("ISBN", "FACULTYNUMBER", "COURSENAME")
  USING INDEX PCTFREE 10 INITRANS 2 MAXTRANS 255 COMPUTE STATISTICS 
  STORAGE(INITIAL 65536 NEXT 1048576 MINEXTENTS 1 MAXEXTENTS 2147483645
  PCTINCREASE 0 FREELISTS 1 FREELIST GROUPS 1 BUFFER_POOL DEFAULT FLASH_CACHE DEFAULT CELL_FLASH_CACHE DEFAULT)
  TABLESPACE "USERS"  ENABLE;
 
  ALTER TABLE "AAGRAWA6"."BOOKRESERVED" MODIFY ("ISBN" NOT NULL ENABLE);
 
  ALTER TABLE "AAGRAWA6"."BOOKRESERVED" MODIFY ("FACULTYNUMBER" NOT NULL ENABLE);
 
  ALTER TABLE "AAGRAWA6"."BOOKRESERVED" MODIFY ("COURSENAME" NOT NULL ENABLE);
--------------------------------------------------------
--  Constraints for Table ROOM
--------------------------------------------------------

  ALTER TABLE "AAGRAWA6"."ROOM" ADD CONSTRAINT "PK_ROOM" PRIMARY KEY ("ROOMID")
  USING INDEX PCTFREE 10 INITRANS 2 MAXTRANS 255 COMPUTE STATISTICS 
  STORAGE(INITIAL 65536 NEXT 1048576 MINEXTENTS 1 MAXEXTENTS 2147483645
  PCTINCREASE 0 FREELISTS 1 FREELIST GROUPS 1 BUFFER_POOL DEFAULT FLASH_CACHE DEFAULT CELL_FLASH_CACHE DEFAULT)
  TABLESPACE "USERS"  ENABLE;
 
  ALTER TABLE "AAGRAWA6"."ROOM" MODIFY ("LIBRARYID" NOT NULL ENABLE);
 
  ALTER TABLE "AAGRAWA6"."ROOM" MODIFY ("CATEGORYID" NOT NULL ENABLE);
--------------------------------------------------------
--  Constraints for Table CAMERA
--------------------------------------------------------

  ALTER TABLE "AAGRAWA6"."CAMERA" ADD CONSTRAINT "PK_CAMERA" PRIMARY KEY ("CAMERAID")
  USING INDEX PCTFREE 10 INITRANS 2 MAXTRANS 255 COMPUTE STATISTICS 
  STORAGE(INITIAL 65536 NEXT 1048576 MINEXTENTS 1 MAXEXTENTS 2147483645
  PCTINCREASE 0 FREELISTS 1 FREELIST GROUPS 1 BUFFER_POOL DEFAULT FLASH_CACHE DEFAULT CELL_FLASH_CACHE DEFAULT)
  TABLESPACE "USERS"  ENABLE;
 
  ALTER TABLE "AAGRAWA6"."CAMERA" MODIFY ("LIBRARYID" NOT NULL ENABLE);
 
  ALTER TABLE "AAGRAWA6"."CAMERA" MODIFY ("CATEGORYID" NOT NULL ENABLE);
--------------------------------------------------------
--  Constraints for Table RESOURCES
--------------------------------------------------------

  ALTER TABLE "AAGRAWA6"."RESOURCES" ADD CONSTRAINT "PK_RESOURCE" PRIMARY KEY ("RESOURCEID")
  USING INDEX PCTFREE 10 INITRANS 2 MAXTRANS 255 COMPUTE STATISTICS 
  STORAGE(INITIAL 65536 NEXT 1048576 MINEXTENTS 1 MAXEXTENTS 2147483645
  PCTINCREASE 0 FREELISTS 1 FREELIST GROUPS 1 BUFFER_POOL DEFAULT FLASH_CACHE DEFAULT CELL_FLASH_CACHE DEFAULT)
  TABLESPACE "USERS"  ENABLE;
--------------------------------------------------------
--  Constraints for Table LIBRARY
--------------------------------------------------------

  ALTER TABLE "AAGRAWA6"."LIBRARY" ADD CONSTRAINT "PK_LIBRARY" PRIMARY KEY ("LIBRARYID")
  USING INDEX PCTFREE 10 INITRANS 2 MAXTRANS 255 COMPUTE STATISTICS 
  STORAGE(INITIAL 65536 NEXT 1048576 MINEXTENTS 1 MAXEXTENTS 2147483645
  PCTINCREASE 0 FREELISTS 1 FREELIST GROUPS 1 BUFFER_POOL DEFAULT FLASH_CACHE DEFAULT CELL_FLASH_CACHE DEFAULT)
  TABLESPACE "USERS"  ENABLE;
--------------------------------------------------------
--  Ref Constraints for Table BOOK
--------------------------------------------------------

  ALTER TABLE "AAGRAWA6"."BOOK" ADD CONSTRAINT "FK_BOOKLIBRARYCATEGORY" FOREIGN KEY ("LIBRARYID", "CATEGORYID")
	  REFERENCES "AAGRAWA6"."LIBRARYCATEGORY" ("LIBRARYID", "CATEGORYID") ENABLE;
 
  ALTER TABLE "AAGRAWA6"."BOOK" ADD CONSTRAINT "FK_BOOKRESOURCE" FOREIGN KEY ("RESOURCEID")
	  REFERENCES "AAGRAWA6"."RESOURCES" ("RESOURCEID") ENABLE;
--------------------------------------------------------
--  Ref Constraints for Table BOOKAUTHOR
--------------------------------------------------------

  ALTER TABLE "AAGRAWA6"."BOOKAUTHOR" ADD CONSTRAINT "FK_BOOKAUTHORAUTHOR" FOREIGN KEY ("AUTHORID")
	  REFERENCES "AAGRAWA6"."AUTHOR" ("AUTHORID") ON DELETE CASCADE ENABLE;
 
  ALTER TABLE "AAGRAWA6"."BOOKAUTHOR" ADD CONSTRAINT "FK_BOOKAUTHORBOOK" FOREIGN KEY ("ISBN")
	  REFERENCES "AAGRAWA6"."BOOK" ("ISBN") ON DELETE CASCADE ENABLE;
--------------------------------------------------------
--  Ref Constraints for Table BOOKRESERVED
--------------------------------------------------------

  ALTER TABLE "AAGRAWA6"."BOOKRESERVED" ADD CONSTRAINT "FK_BOOKRESERVEDBOOK" FOREIGN KEY ("ISBN")
	  REFERENCES "AAGRAWA6"."BOOK" ("ISBN") ON DELETE CASCADE ENABLE;
 
  ALTER TABLE "AAGRAWA6"."BOOKRESERVED" ADD CONSTRAINT "FK_BOOKRESERVEDCOURSE" FOREIGN KEY ("COURSENAME")
	  REFERENCES "AAGRAWA6"."COURSES" ("COURSENAME") ON DELETE CASCADE ENABLE;
 
  ALTER TABLE "AAGRAWA6"."BOOKRESERVED" ADD CONSTRAINT "FK_BOOKRESERVEDFACULTY" FOREIGN KEY ("FACULTYNUMBER")
	  REFERENCES "AAGRAWA6"."FACULTY" ("FACULTYNUMBER") ON DELETE CASCADE ENABLE;
--------------------------------------------------------
--  Ref Constraints for Table CAMERA
--------------------------------------------------------

  ALTER TABLE "AAGRAWA6"."CAMERA" ADD CONSTRAINT "FK_CAMERACATEGORY" FOREIGN KEY ("LIBRARYID", "CATEGORYID")
	  REFERENCES "AAGRAWA6"."LIBRARYCATEGORY" ("LIBRARYID", "CATEGORYID") ENABLE;
--------------------------------------------------------
--  Ref Constraints for Table CAMERACHECKOUT
--------------------------------------------------------

  ALTER TABLE "AAGRAWA6"."CAMERACHECKOUT" ADD CONSTRAINT "FK_CHECKOUTCAMERARESERVATION" FOREIGN KEY ("RESERVATIONID")
	  REFERENCES "AAGRAWA6"."CAMERARESERVATION" ("RESERVATIONID") ENABLE;
--------------------------------------------------------
--  Ref Constraints for Table CAMERACHECKOUTLOG
--------------------------------------------------------

  ALTER TABLE "AAGRAWA6"."CAMERACHECKOUTLOG" ADD CONSTRAINT "FK_CAMERALOGFACULTY" FOREIGN KEY ("FACULTYNUMBER")
	  REFERENCES "AAGRAWA6"."FACULTY" ("FACULTYNUMBER") ENABLE;
 
  ALTER TABLE "AAGRAWA6"."CAMERACHECKOUTLOG" ADD CONSTRAINT "FK_CAMERALOGSTUDENT" FOREIGN KEY ("STUDENTNUMBER")
	  REFERENCES "AAGRAWA6"."STUDENT" ("STUDENTNUMBER") ENABLE;
--------------------------------------------------------
--  Ref Constraints for Table CAMERAQUEUE
--------------------------------------------------------

  ALTER TABLE "AAGRAWA6"."CAMERAQUEUE" ADD CONSTRAINT "FK_CAMERAQUEUECAMERA" FOREIGN KEY ("CAMERAID")
	  REFERENCES "AAGRAWA6"."CAMERA" ("CAMERAID") ENABLE;
 
  ALTER TABLE "AAGRAWA6"."CAMERAQUEUE" ADD CONSTRAINT "FK_CAMERAQUEUEFACULTY" FOREIGN KEY ("FACULTYNUMBER")
	  REFERENCES "AAGRAWA6"."FACULTY" ("FACULTYNUMBER") ENABLE;
 
  ALTER TABLE "AAGRAWA6"."CAMERAQUEUE" ADD CONSTRAINT "FK_CAMERAQUEUESTUDENT" FOREIGN KEY ("STUDENTNUMBER")
	  REFERENCES "AAGRAWA6"."STUDENT" ("STUDENTNUMBER") ENABLE;
--------------------------------------------------------
--  Ref Constraints for Table CAMERARESERVATION
--------------------------------------------------------

  ALTER TABLE "AAGRAWA6"."CAMERARESERVATION" ADD CONSTRAINT "FK_CAMERARESERVATIONFACULTY" FOREIGN KEY ("FACULTYNUMBER")
	  REFERENCES "AAGRAWA6"."FACULTY" ("FACULTYNUMBER") ENABLE;
 
  ALTER TABLE "AAGRAWA6"."CAMERARESERVATION" ADD CONSTRAINT "FK_CAMERARESERVATIONSTUDENT" FOREIGN KEY ("STUDENTNUMBER")
	  REFERENCES "AAGRAWA6"."STUDENT" ("STUDENTNUMBER") ENABLE;
--------------------------------------------------------
--  Ref Constraints for Table CHECKOUT
--------------------------------------------------------

  ALTER TABLE "AAGRAWA6"."CHECKOUT" ADD CONSTRAINT "FK_CHECKOUTFACULTY" FOREIGN KEY ("FACULTYNUMBER")
	  REFERENCES "AAGRAWA6"."FACULTY" ("FACULTYNUMBER") ENABLE;
 
  ALTER TABLE "AAGRAWA6"."CHECKOUT" ADD CONSTRAINT "FK_CHECKOUTRESOURCE" FOREIGN KEY ("RESOURCEID")
	  REFERENCES "AAGRAWA6"."RESOURCES" ("RESOURCEID") ENABLE;
 
  ALTER TABLE "AAGRAWA6"."CHECKOUT" ADD CONSTRAINT "FK_CHECKOUTSTUDENT" FOREIGN KEY ("STUDENTNUMBER")
	  REFERENCES "AAGRAWA6"."STUDENT" ("STUDENTNUMBER") ENABLE;
--------------------------------------------------------
--  Ref Constraints for Table CHECKOUTLOG
--------------------------------------------------------

  ALTER TABLE "AAGRAWA6"."CHECKOUTLOG" ADD CONSTRAINT "FK_CHECKOUTFACULTY1" FOREIGN KEY ("FACULTYNUMBER")
	  REFERENCES "AAGRAWA6"."FACULTY" ("FACULTYNUMBER") ENABLE;
 
  ALTER TABLE "AAGRAWA6"."CHECKOUTLOG" ADD CONSTRAINT "FK_CHECKOUTRESOURCE1" FOREIGN KEY ("RESOURCEID")
	  REFERENCES "AAGRAWA6"."RESOURCES" ("RESOURCEID") ENABLE;
 
  ALTER TABLE "AAGRAWA6"."CHECKOUTLOG" ADD CONSTRAINT "FK_CHECKOUTSTUDENT1" FOREIGN KEY ("STUDENTNUMBER")
	  REFERENCES "AAGRAWA6"."STUDENT" ("STUDENTNUMBER") ENABLE;
--------------------------------------------------------
--  Ref Constraints for Table CHECKOUTROOMLOG
--------------------------------------------------------

  ALTER TABLE "AAGRAWA6"."CHECKOUTROOMLOG" ADD CONSTRAINT "FK_ROOMRESERVATIONFACULTY1" FOREIGN KEY ("FACULTYNUMBER")
	  REFERENCES "AAGRAWA6"."FACULTY" ("FACULTYNUMBER") ENABLE;
 
  ALTER TABLE "AAGRAWA6"."CHECKOUTROOMLOG" ADD CONSTRAINT "FK_ROOMRESERVATIONROOM1" FOREIGN KEY ("ROOMID")
	  REFERENCES "AAGRAWA6"."ROOM" ("ROOMID") ENABLE;
 
  ALTER TABLE "AAGRAWA6"."CHECKOUTROOMLOG" ADD CONSTRAINT "FK_ROOMRESERVATIONSTUDENT1" FOREIGN KEY ("STUDENTNUMBER")
	  REFERENCES "AAGRAWA6"."STUDENT" ("STUDENTNUMBER") ENABLE;
--------------------------------------------------------
--  Ref Constraints for Table CHECKOUTWAIT
--------------------------------------------------------

  ALTER TABLE "AAGRAWA6"."CHECKOUTWAIT" ADD CONSTRAINT "FK_CHECKOUTWAITFACULTY" FOREIGN KEY ("FACULTYNUMBER")
	  REFERENCES "AAGRAWA6"."FACULTY" ("FACULTYNUMBER") ENABLE;
 
  ALTER TABLE "AAGRAWA6"."CHECKOUTWAIT" ADD CONSTRAINT "FK_CHECKOUTWAITRESOURCE" FOREIGN KEY ("RESOURCEID")
	  REFERENCES "AAGRAWA6"."RESOURCES" ("RESOURCEID") ENABLE;
 
  ALTER TABLE "AAGRAWA6"."CHECKOUTWAIT" ADD CONSTRAINT "FK_CHECKOUTWAITSTUDENT" FOREIGN KEY ("STUDENTNUMBER")
	  REFERENCES "AAGRAWA6"."STUDENT" ("STUDENTNUMBER") ENABLE;
--------------------------------------------------------
--  Ref Constraints for Table CONFERENCE
--------------------------------------------------------

  ALTER TABLE "AAGRAWA6"."CONFERENCE" ADD CONSTRAINT "FK_CONFERENCELIBRARYCATEGORY" FOREIGN KEY ("LIBRARYID", "CATEGORYID")
	  REFERENCES "AAGRAWA6"."LIBRARYCATEGORY" ("LIBRARYID", "CATEGORYID") ENABLE;
 
  ALTER TABLE "AAGRAWA6"."CONFERENCE" ADD CONSTRAINT "FK_CONFERENCERESOURCE" FOREIGN KEY ("RESOURCEID")
	  REFERENCES "AAGRAWA6"."RESOURCES" ("RESOURCEID") ENABLE;
--------------------------------------------------------
--  Ref Constraints for Table CONFERENCEAUTHOR
--------------------------------------------------------

  ALTER TABLE "AAGRAWA6"."CONFERENCEAUTHOR" ADD CONSTRAINT "FK_CONFERENCEAUTHORAUTHOR" FOREIGN KEY ("AUTHORID")
	  REFERENCES "AAGRAWA6"."AUTHOR" ("AUTHORID") ON DELETE CASCADE ENABLE;
 
  ALTER TABLE "AAGRAWA6"."CONFERENCEAUTHOR" ADD CONSTRAINT "FK_CONFERENCEAUTHORCONFERENCE" FOREIGN KEY ("CONFERENCENUMBER")
	  REFERENCES "AAGRAWA6"."CONFERENCE" ("CONFERENCENUMBER") ON DELETE CASCADE ENABLE;
--------------------------------------------------------
--  Ref Constraints for Table COURSESTAKEN
--------------------------------------------------------

  ALTER TABLE "AAGRAWA6"."COURSESTAKEN" ADD CONSTRAINT "FK_COURSESTAKENCOURSES" FOREIGN KEY ("COURSENAME")
	  REFERENCES "AAGRAWA6"."COURSES" ("COURSENAME") ENABLE;
 
  ALTER TABLE "AAGRAWA6"."COURSESTAKEN" ADD CONSTRAINT "FK_COURSESTAKENSTUDENT" FOREIGN KEY ("STUDENTNUMBER")
	  REFERENCES "AAGRAWA6"."STUDENT" ("STUDENTNUMBER") ENABLE;
--------------------------------------------------------
--  Ref Constraints for Table COURSESTEACHES
--------------------------------------------------------

  ALTER TABLE "AAGRAWA6"."COURSESTEACHES" ADD CONSTRAINT "FK_COURSESTEACHESCOURSES" FOREIGN KEY ("COURSENAME")
	  REFERENCES "AAGRAWA6"."COURSES" ("COURSENAME") ENABLE;
 
  ALTER TABLE "AAGRAWA6"."COURSESTEACHES" ADD CONSTRAINT "FK_COURSESTEACHESSTUDENT" FOREIGN KEY ("FACULTYNUMBER")
	  REFERENCES "AAGRAWA6"."FACULTY" ("FACULTYNUMBER") ENABLE;
--------------------------------------------------------
--  Ref Constraints for Table EPUBLICATIONCHECKOUT
--------------------------------------------------------

  ALTER TABLE "AAGRAWA6"."EPUBLICATIONCHECKOUT" ADD CONSTRAINT "FK_FACULTYEPUBLICATION" FOREIGN KEY ("FACULTYNUMBER")
	  REFERENCES "AAGRAWA6"."FACULTY" ("FACULTYNUMBER") ENABLE;
 
  ALTER TABLE "AAGRAWA6"."EPUBLICATIONCHECKOUT" ADD CONSTRAINT "FK_RESOURCEEPUBLICATION" FOREIGN KEY ("RESOURCEID")
	  REFERENCES "AAGRAWA6"."RESOURCES" ("RESOURCEID") ENABLE;
 
  ALTER TABLE "AAGRAWA6"."EPUBLICATIONCHECKOUT" ADD CONSTRAINT "FK_STUDENTEPUBLICATION" FOREIGN KEY ("STUDENTNUMBER")
	  REFERENCES "AAGRAWA6"."STUDENT" ("STUDENTNUMBER") ENABLE;
--------------------------------------------------------
--  Ref Constraints for Table FACULTY
--------------------------------------------------------

  ALTER TABLE "AAGRAWA6"."FACULTY" ADD CONSTRAINT "FK_FACULTYFACULTYCATEGORY" FOREIGN KEY ("CATEGORYID")
	  REFERENCES "AAGRAWA6"."FACULTYCATEGORY" ("CATEGORYID") ENABLE;
--------------------------------------------------------
--  Ref Constraints for Table JOURNAL
--------------------------------------------------------

  ALTER TABLE "AAGRAWA6"."JOURNAL" ADD CONSTRAINT "FK_JOURNALLIBRARYCATEGORY" FOREIGN KEY ("LIBRARYID", "CATEGORYID")
	  REFERENCES "AAGRAWA6"."LIBRARYCATEGORY" ("LIBRARYID", "CATEGORYID") ENABLE;
 
  ALTER TABLE "AAGRAWA6"."JOURNAL" ADD CONSTRAINT "FK_JOURNALRESOURCE" FOREIGN KEY ("RESOURCEID")
	  REFERENCES "AAGRAWA6"."RESOURCES" ("RESOURCEID") ENABLE;
--------------------------------------------------------
--  Ref Constraints for Table JOURNALAUTHOR
--------------------------------------------------------

  ALTER TABLE "AAGRAWA6"."JOURNALAUTHOR" ADD CONSTRAINT "FK_JOUNALAUTHORJOURNAL" FOREIGN KEY ("ISSN")
	  REFERENCES "AAGRAWA6"."JOURNAL" ("ISSN") ON DELETE CASCADE ENABLE;
 
  ALTER TABLE "AAGRAWA6"."JOURNALAUTHOR" ADD CONSTRAINT "FK_JOURNALAUTHORAUTHOR" FOREIGN KEY ("AUTHORID")
	  REFERENCES "AAGRAWA6"."AUTHOR" ("AUTHORID") ON DELETE CASCADE ENABLE;
--------------------------------------------------------
--  Ref Constraints for Table LIBRARYCATEGORY
--------------------------------------------------------

  ALTER TABLE "AAGRAWA6"."LIBRARYCATEGORY" ADD CONSTRAINT "FK_LIBRARYCATEGORYLIBRARY" FOREIGN KEY ("LIBRARYID")
	  REFERENCES "AAGRAWA6"."LIBRARY" ("LIBRARYID") ENABLE;
--------------------------------------------------------
--  Ref Constraints for Table REMINDER
--------------------------------------------------------

  ALTER TABLE "AAGRAWA6"."REMINDER" ADD CONSTRAINT "FK_REMINDERFACULTY" FOREIGN KEY ("FACULTYNUMBER")
	  REFERENCES "AAGRAWA6"."FACULTY" ("FACULTYNUMBER") ENABLE;
 
  ALTER TABLE "AAGRAWA6"."REMINDER" ADD CONSTRAINT "FK_REMINDERSTUDENT" FOREIGN KEY ("STUDENTNUMBER")
	  REFERENCES "AAGRAWA6"."STUDENT" ("STUDENTNUMBER") ENABLE;
--------------------------------------------------------
--  Ref Constraints for Table ROOM
--------------------------------------------------------

  ALTER TABLE "AAGRAWA6"."ROOM" ADD CONSTRAINT "FK_ROOMCATEGORY" FOREIGN KEY ("LIBRARYID", "CATEGORYID")
	  REFERENCES "AAGRAWA6"."LIBRARYCATEGORY" ("LIBRARYID", "CATEGORYID") ENABLE;
--------------------------------------------------------
--  Ref Constraints for Table ROOMRESERVATION
--------------------------------------------------------

  ALTER TABLE "AAGRAWA6"."ROOMRESERVATION" ADD CONSTRAINT "FK_ROOMRESERVATIONFACULTY" FOREIGN KEY ("FACULTYNUMBER")
	  REFERENCES "AAGRAWA6"."FACULTY" ("FACULTYNUMBER") ENABLE;
 
  ALTER TABLE "AAGRAWA6"."ROOMRESERVATION" ADD CONSTRAINT "FK_ROOMRESERVATIONROOM" FOREIGN KEY ("ROOMID")
	  REFERENCES "AAGRAWA6"."ROOM" ("ROOMID") ENABLE;
 
  ALTER TABLE "AAGRAWA6"."ROOMRESERVATION" ADD CONSTRAINT "FK_ROOMRESERVATIONSTUDENT" FOREIGN KEY ("STUDENTNUMBER")
	  REFERENCES "AAGRAWA6"."STUDENT" ("STUDENTNUMBER") ENABLE;
--------------------------------------------------------
--  Ref Constraints for Table STUDENT
--------------------------------------------------------

  ALTER TABLE "AAGRAWA6"."STUDENT" ADD CONSTRAINT "FK_STUDENTLOGININFOSTUDENT" FOREIGN KEY ("STUDENTNUMBER")
	  REFERENCES "AAGRAWA6"."LOGININFOSTUDENT" ("STUDENTNUMBER") ENABLE;
 
  ALTER TABLE "AAGRAWA6"."STUDENT" ADD CONSTRAINT "FK_STUDENTPROGRAMME" FOREIGN KEY ("PROGRAMID")
	  REFERENCES "AAGRAWA6"."PROGRAMME" ("PROGRAMID") ENABLE;
--------------------------------------------------------
--  Ref Constraints for Table STUDENTHOLD
--------------------------------------------------------

  ALTER TABLE "AAGRAWA6"."STUDENTHOLD" ADD FOREIGN KEY ("STUDENTNUMBER")
	  REFERENCES "AAGRAWA6"."STUDENT" ("STUDENTNUMBER") ENABLE;
--------------------------------------------------------
--  DDL for Trigger CAMERACHECKOUTLOGTRIGGER
--------------------------------------------------------

  CREATE OR REPLACE TRIGGER "AAGRAWA6"."CAMERACHECKOUTLOGTRIGGER" 
after update of checkintime on CameraCheckout for each row
DECLARE
ReservationId NUMERIC(10);
CheckInTime Timestamp;
CheckOutTime Timestamp;
CameraId varchar(10);
EndTime Timestamp;
StudentNumber varchar(10);
FacultyNumber varchar(10);
Fine1 numeric(10);
date1 timestamp;
date2 timestamp;
dayt numeric(10);
hours numeric(10);
mins numeric(10);
begin
Fine1:=0;
date2:=:new.checkintime;
select c.cameraid,c.endtime,c.studentnumber,c.facultynumber into CameraId,EndTime,StudentNumber,FacultyNumber from camerareservation c where c.reservationid=:NEW.reservationid;
select 
    extract( day from diff ), 
    extract( hour from diff ), 
    extract( minute from diff ) into dayt,hours,mins
from (
        select (CAST(date2 as timestamp) - CAST(endtime as timestamp)) diff   
        from dual
     );
if dayt >=0 then
Fine1:=dayt*24+hours+CEIL(mins/60);
end if;
  insert into CAMERACHECKOUTLOG(
    RESERVATIONID,
    CAMERAID,
    CHECKINTIME,
    CHECKOUTTIME,
    ENDTIME,
    STUDENTNUMBER,
    FACULTYNUMBER,
    FINE
  )
    values
    (
    :NEW.reservationid,
    CAMERAID,
    :NEW.CheckInTime,
    :NEW.CheckOutTime,
    ENDTIME,
    STUDENTNUMBER,
    FACULTYNUMBER,
    Fine1
    );
end;
/
ALTER TRIGGER "AAGRAWA6"."CAMERACHECKOUTLOGTRIGGER" ENABLE;
--------------------------------------------------------
--  DDL for Trigger CHECKOUTLOGTRIGGER
--------------------------------------------------------

  CREATE OR REPLACE TRIGGER "AAGRAWA6"."CHECKOUTLOGTRIGGER" 
after update of checkintime on Checkout for each row
declare
fine1 numeric(10);
date1 timestamp;
date2 timestamp;
hold numeric(10);
begin
if updating then
fine1:=0;
date1:=:new.reservedupto;
date2:=:new.checkintime;
select CEIL((CAST (date2 AS DATE)- CAST (date1 AS DATE))) into fine1 from dual;
if fine1 >0 then
fine1:=fine1*2;
end if;
if fine1 <0 then
fine1:=0;
end if;


  insert into CHECKOUTLOG(
    RESOURCEID,
    CHECKOUTTIME,
    RESERVEDUPTO,
    CHECKINTIME,
    STUDENTNUMBER,
    FACULTYNUMBER,
    fine,Typepub,namepub
  )
  values (
    :NEW.RESOURCEID,
    :NEW.CHECKOUTTIME,
    :NEW.RESERVEDUPTO,
    :NEW.checkintime,
    :NEW.studentnumber,
    :NEW.facultynumber,
    fine1,:NEW.typepub, :new.namepub
  );
  
  select CEIL((CAST (date2 AS DATE)- CAST (date1 AS DATE))) into hold from dual;
  if :new.facultynumber is null then 
      if hold>=90 then
        insert into studenthold values(:new.studentnumber);
      end if;
   end if;   
  
end if;
end;
/
ALTER TRIGGER "AAGRAWA6"."CHECKOUTLOGTRIGGER" ENABLE;
--------------------------------------------------------
--  DDL for Trigger FINELOG
--------------------------------------------------------

  CREATE OR REPLACE TRIGGER "AAGRAWA6"."FINELOG" 
after insert on Checkoutlog for each row
declare
begin

  if :new.fine>0 then
  insert into finecollected
  values (
    :NEW.studentnumber,
    :NEW.facultynumber,
    :NEW.typepub, 
    :NEW.namepub,
    :NEW.fine,
    :NEW.checkintime,
    :NEW.checkouttime,
    :NEW.reservedupto
  );

end if;
end;
/
ALTER TRIGGER "AAGRAWA6"."FINELOG" ENABLE;
--------------------------------------------------------
--  DDL for Trigger FINELOGCAMERA
--------------------------------------------------------

  CREATE OR REPLACE TRIGGER "AAGRAWA6"."FINELOGCAMERA" 
after insert on CameraCheckoutlog for each row
declare
begin

  if :new.fine>0 then
  insert into finecollected
  values (
    :NEW.studentnumber,
    :NEW.facultynumber,
    'Camera', 
    :NEW.cameraid,
    :NEW.fine,
    :NEW.checkintime,
    :NEW.checkouttime,
    :NEW.endtime
  );

end if;
end;
/
ALTER TRIGGER "AAGRAWA6"."FINELOGCAMERA" ENABLE;
--------------------------------------------------------
--  DDL for Trigger ROOMCHECKOUTLOGTRIGGER
--------------------------------------------------------

  CREATE OR REPLACE TRIGGER "AAGRAWA6"."ROOMCHECKOUTLOGTRIGGER" 
after update of checkintime on Checkoutroom for each row
DECLARE
ReservationId NUMERIC(10);
CheckInTime Timestamp;
CheckOutTime Timestamp;
RoomId varchar(10);
StartTime Timestamp;
EndTime Timestamp;
StudentNumber varchar(10);
FacultyNumber varchar(10);
begin
select c.roomid,c.starttime,c.endtime,c.studentnumber,c.facultynumber into RoomId,StartTime,EndTime,StudentNumber,FacultyNumber from roomreservation c where c.reservationid=:NEW.reservationid;
  insert into CheckoutRoomLog(
    RESERVATIONID,
    ROOMID,
    STARTTIME,
     ENDTIME,
    CHECKINTIME,
    CHECKOUTTIME,
    STUDENTNUMBER,
    FACULTYNUMBER
  )
    values
    (
    :NEW.reservationid,
    RoomID,
    STARTTIME,
    ENDTIME,
    :NEW.CheckInTime,
    :NEW.CheckOutTime,
    STUDENTNUMBER,
    FACULTYNUMBER
    );
end;
/
ALTER TRIGGER "AAGRAWA6"."ROOMCHECKOUTLOGTRIGGER" ENABLE;
--------------------------------------------------------
--  DDL for Procedure CALCULATEFINE
--------------------------------------------------------
set define off;

  CREATE OR REPLACE PROCEDURE "AAGRAWA6"."CALCULATEFINE" 
IS
BEGIN
delete from finepatrons;
insert into finepatrons
select count(*),c1.studentnumber "ID",
(select Fname from student where studentnumber=c1.studentnumber) AS "Fname", 
(select Lname from student where studentnumber=c1.studentnumber) AS "Lname" 
from finecollected c1 where CAST(c1.DURATIONRETURN AS DATE) between TO_DATE ('2015/10/05', 'yyyy/mm/dd') AND TO_DATE ('2015/11/05', 'yyyy/mm/dd') and c1.studentnumber is not null group by (c1.studentnumber)
UNION
select count(*),c1.facultynumber "ID",
(select Fname from FACULTY where facultynumber=c1.facultynumber) AS "Fname", 
(select Lname from faculty where facultynumber=c1.facultynumber) AS "Lname" 
from finecollected c1 where CAST(c1.DURATIONRETURN AS DATE) between TO_DATE ('2015/10/05', 'yyyy/mm/dd') AND TO_DATE ('2015/11/05', 'yyyy/mm/dd') and c1.facultynumber is not null group by (c1.facultynumber);
END;

/
--------------------------------------------------------
--  DDL for Procedure CAMERACANCELLATION
--------------------------------------------------------
set define off;

  CREATE OR REPLACE PROCEDURE "AAGRAWA6"."CAMERACANCELLATION" 
IS
CURSOR Cameras
      IS
    select * from camerareservation;
abc camerareservation%ROWTYPE;
count1 number;
timediff number;
dayt numeric;
  hours numeric;
  mins numeric;
  l_total numeric;
  time1 timestamp;
time2 timestamp;
time3 timestamp;
student varchar(10);
faculty varchar(10);
id1 numeric;
qno numeric;
id2 varchar(10);
timer timestamp;
hours1 numeric;
begin
Select cast(sysdate as timestamp) into timer from dual;
time1:=null;
  count1:=0;
     OPEN cameras;
     LOOP
        FETCH cameras INTO abc;
        EXIT WHEN cameras%NOTFOUND;
        begin
select c.checkouttime into time1 from cameracheckout c where c.reservationid=abc.reservationid;
EXCEPTION
      WHEN NO_DATA_FOUND THEN
        time1:= NULL;
        end;
select 
    extract( day from diff ), 
    extract( hour from diff ), 
    extract( minute from diff ) into dayt,hours,mins
from (
        select (CAST(sysdate as timestamp) - CAST(abc.starttime as timestamp)) diff   
        from dual
     );
 SELECT TO_CHAR
    (SYSDATE, 'HH24') into hours1
     FROM DUAL;    
     
if time1 is NULL then
      l_total:=hours+CEIL(mins/60);
      
        
        if (dayt>=0 and hours>=1) or dayt>0 then
        insert into reminder values('1',abc.studentnumber,abc.facultynumber,'Camera',abc.cameraid ||' Reservation Cancelled',timer);
          select starttime,endtime,studentnumber,facultynumber,queueno into time2,time3,student,faculty,qno from cameraqueue where rownum=1 and cameraid=abc.cameraid order by queueno asc ;
       select max(reservationid)+1 into id1 from camerareservation; 
         insert into reminder values('1',abc.studentnumber,abc.facultynumber,'Camera',abc.cameraid ||' Camera Ready for Pickup', timer);
       delete from cameraqueue where queueno=qno  and cameraid=abc.cameraid and studentnumber=student or facultynumber=faculty;   
          id2:=abc.cameraid;
             SYS.DBMS_OUTPUT.PUT_LINE(time3||time3|| 'hell');
        delete from camerareservation where  reservationid=abc.reservationid and facultynumber=abc.facultynumber or studentnumber=abc.studentnumber;
           insert into camerareservation values (id1,id2,time2,time3,student,faculty);
            end if; 
            
        
end if;
     END LOOP;
    CLOSE Cameras;
end;

/
--------------------------------------------------------
--  DDL for Procedure CAMERACONFIRMATION
--------------------------------------------------------
set define off;

  CREATE OR REPLACE PROCEDURE "AAGRAWA6"."CAMERACONFIRMATION" 
IS
CURSOR cam
      IS
    select * from cameraqueue order by queueno;
abc cameraqueue%ROWTYPE;
a1 numeric;
b1 numeric;
c1 numeric;
dayt numeric;
  hours numeric;
  mins numeric;
timer timestamp;
begin
Select cast(sysdate as timestamp) into timer from dual;
     OPEN cam;
     LOOP
        FETCH cam INTO abc;
        EXIT WHEN cam%NOTFOUND;
                select 
    extract( day from diff ), 
    extract( hour from diff ), 
    extract( minute from diff ) into dayt,hours,mins
from (
        select (CAST(SYSDATE as timestamp) - CAST(abc.starttime as timestamp)) diff   
        from dual
     ); 

SELECT TO_CHAR
    (SYSDATE, 'HH24') into hours
     FROM DUAL;
           if (dayt>=0 and hours>=-1) or dayt>0 then
        insert into reminder values('1',abc.studentnumber,abc.facultynumber,'Camera',abc.cameraid ||' Camera is not available till 8 am',timer);     
      delete from cameraqueue where queueno=abc.queueno and cameraid=abc.cameraid;
        end if;

       
END LOOP;
    CLOSE cam;
end;

/
--------------------------------------------------------
--  DDL for Procedure PUBLICATIONPRIORITY
--------------------------------------------------------
set define off;

  CREATE OR REPLACE PROCEDURE "AAGRAWA6"."PUBLICATIONPRIORITY" 
IS
CURSOR publications
      IS
    select * from checkoutwait order by facultynumber,timestamp asc;
abc checkoutwait%ROWTYPE;
count1 number;
timediff number;
begin
  count1:=0;
     OPEN publications;
     LOOP
        FETCH publications INTO abc;
        EXIT WHEN publications%NOTFOUND;

IF abc.typepub='Book' then 
SYS.DBMS_OUTPUT.PUT_LINE('hello');
select availablecopies into count1 from book where resourceid=abc.resourceid;
select ceil(CAST (abc.reservedupto AS DATE)- CAST (sysdate AS DATE)) into timediff from dual;
if count1>0 then
SYS.DBMS_OUTPUT.PUT_LINE(count1||timediff);
        if timediff>0 then
        SYS.DBMS_OUTPUT.PUT_LINE(count1||timediff);
        insert into checkout values (abc.resourceid,abc.timestamp,abc.reservedupto,null,abc.studentnumber,abc.facultynumber,abc.typepub,abc.namepub);
        update book set availablecopies=availablecopies-1 where resourceid=abc.resourceid;
        end if;
        delete from checkoutwait where resourceid=abc.resourceid and facultynumber=abc.facultynumber or studentnumber=abc.studentnumber;
end if;
if timediff<=0 then
delete from checkoutwait where resourceid=abc.resourceid and facultynumber=abc.facultynumber or studentnumber=abc.studentnumber;
end if;
elsif abc.typepub='Journal' then 
select availablecopies into count1 from journal where resourceid=abc.resourceid;
select ceil(CAST (abc.reservedupto AS DATE)- CAST (sysdate AS DATE)) into timediff from dual;
if count1>0 then
SYS.DBMS_OUTPUT.PUT_LINE(count1||timediff);
        if timediff>0 then
        SYS.DBMS_OUTPUT.PUT_LINE(count1||timediff);
        insert into checkout values (abc.resourceid,abc.timestamp,abc.reservedupto,null,abc.studentnumber,abc.facultynumber,abc.typepub,abc.namepub);
        update journal set availablecopies=availablecopies-1 where resourceid=abc.resourceid;
        end if;
        delete from checkoutwait where resourceid=abc.resourceid and facultynumber=abc.facultynumber or studentnumber=abc.studentnumber;
end if;
if timediff<=0 then
delete from checkoutwait where resourceid=abc.resourceid and facultynumber=abc.facultynumber or studentnumber=abc.studentnumber;
end if;
SYS.DBMS_OUTPUT.PUT_LINE('hello1');
elsif abc.typepub='Conference' then 
select availablecopies into count1 from conference where resourceid=abc.resourceid;
select ceil(CAST (abc.reservedupto AS DATE)- CAST (sysdate AS DATE)) into timediff from dual;
if count1>0 then
SYS.DBMS_OUTPUT.PUT_LINE(count1||timediff);
        if timediff>0 then
        SYS.DBMS_OUTPUT.PUT_LINE(count1||timediff);
        insert into checkout values (abc.resourceid,abc.timestamp,abc.reservedupto,null,abc.studentnumber,abc.facultynumber,abc.typepub,abc.namepub);
        update conference set availablecopies=availablecopies-1 where resourceid=abc.resourceid;
        end if;
        delete from checkoutwait where resourceid=abc.resourceid and facultynumber=abc.facultynumber or studentnumber=abc.studentnumber;
end if;
if timediff<=0 then
delete from checkoutwait where resourceid=abc.resourceid and facultynumber=abc.facultynumber or studentnumber=abc.studentnumber;
end if;
SYS.DBMS_OUTPUT.PUT_LINE('hello2');
end if;

     END LOOP;
    CLOSE publications;
end;

/
--------------------------------------------------------
--  DDL for Procedure UPDATEREMINDERPUBLICATIONS
--------------------------------------------------------
set define off;

  CREATE OR REPLACE PROCEDURE "AAGRAWA6"."UPDATEREMINDERPUBLICATIONS" 
   ( student IN varchar,faculty in varchar ) 
IS
      l_total       INTEGER := 10000;
  dayt numeric;
  hours numeric;
  mins numeric;
  timer timestamp;
      CURSOR checkoutinfostudent
      IS
           SELECT * FROM checkout where studentnumber=student;
  CURSOR checkoutinfofaculty
      IS
           SELECT * FROM checkout where facultynumber=faculty;
     abc checkout%ROWTYPE;
  BEGIN
  delete from reminder where remindermessage like'B%';
  Select cast(sysdate as timestamp) into timer from dual;
   SYS.DBMS_OUTPUT.PUT_LINE('hello');
  if faculty is NULL then
     OPEN checkoutinfostudent;
     LOOP
        FETCH checkoutinfostudent INTO abc;
        EXIT WHEN checkoutinfostudent%NOTFOUND;
        select 
    extract( day from diff ), 
    extract( hour from diff ), 
    extract( minute from diff ) into dayt,hours,mins
from (
        select (CAST(abc.reservedupto as timestamp) - CAST(SYSDATE as timestamp)) diff   
        from dual
     ); 
     l_total:=dayt+CEIL(hours/24);
     SYS.DBMS_OUTPUT.PUT_LINE(l_total);
     
     if l_total>=90 then
     insert into reminder values('1',student,null,abc.typepub,abc.namepub || ' 1rd late fees Reminder',timer);
      insert into reminder values('2',student,null,abc.typepub,abc.namepub || ' 2rd late fees Reminder',timer);
     insert into reminder values('3',student,null,abc.typepub,abc.namepub || ' 3rd late fees Reminder',timer);
   elsif l_total>=60 and l_total<90 then
   insert into reminder values('1',student,null,abc.typepub,abc.namepub || ' 1rd late fees Reminder',timer);
 insert into reminder values('2',student,null,abc.typepub,abc.namepub || ' 2rd late fees Reminder',timer);
    elsif l_total>=30 and l_total<60 then
     insert into reminder values('1',student,null,abc.typepub,abc.namepub || ' 1rd late fees Reminder',timer);
      end if;
     
select 
    extract( day from diff ) into dayt 
from (
        select (CAST(abc.reservedupto as timestamp) - CAST(abc.checkouttime as timestamp)) diff   
        from dual
     ); 
     l_total:=dayt;

if dayt!=0 then
    select 
    extract( day from diff ), 
    extract( hour from diff ), 
    extract( minute from diff ) into dayt,hours,mins
from (
        select (CAST(SYSDATE as timestamp) - CAST(abc.reservedupto as timestamp)) diff   
        from dual
     ); 
     l_total:=dayt*-1;
if l_total=0 then
     insert into reminder values('1',student, null,abc.typepub,abc.namepub || ' 1st Return Date Reminder',timer);
      insert into reminder values('2',student, null,abc.typepub,abc.namepub || ' 2nd Return Date Reminder',timer);
   elsif l_total<=2 and l_total>0 then
   insert into reminder values('1',student, null,abc.typepub,abc.namepub || ' 1st Return Date Reminder',timer);
      end if;
end if;

     END LOOP;
    CLOSE checkoutinfostudent;
    end if;
  
    if student is NULL then
     OPEN checkoutinfofaculty;
     LOOP
        FETCH checkoutinfofaculty INTO abc;
        EXIT WHEN checkoutinfofaculty%NOTFOUND;
        select 
    extract( day from diff ), 
    extract( hour from diff ), 
    extract( minute from diff ) into dayt,hours,mins
from (
        select (CAST(abc.reservedupto as timestamp) - CAST(SYSDATE as timestamp)) diff   
        from dual
     ); 
     l_total:=dayt+CEIL(hours/24);
     SYS.DBMS_OUTPUT.PUT_LINE(l_total);
     
     if l_total>=90 then
     insert into reminder values('1',null,faculty,abc.typepub,abc.namepub || ' 1st late fees Reminder',timer);
      insert into reminder values('2',null,faculty,abc.typepub,abc.namepub || ' 2nd late fees Reminder',timer);
     insert into reminder values('3',null,faculty,abc.typepub,abc.namepub || ' 3rd late fees Reminder',timer);
   elsif l_total>=60 and l_total<90 then
   insert into reminder values('1',null,faculty,abc.typepub,abc.namepub || ' 1 late fees Reminder',timer);
 insert into reminder values('2',null,faculty,abc.typepub,abc.namepub || ' 2late fees Reminder',timer);
    elsif l_total>=30 and l_total<60 then
     insert into reminder values('1',null,faculty,abc.typepub,abc.namepub || ' 1 late fees Reminder',timer);
      end if;
    
 select 
    extract( day from diff ) into dayt 
from (
        select (CAST(abc.reservedupto as timestamp) - CAST(abc.checkouttime as timestamp)) diff   
        from dual
     ); 
     l_total:=dayt;

if dayt!=0 then
    select 
    extract( day from diff ), 
    extract( hour from diff ), 
    extract( minute from diff ) into dayt,hours,mins
from (
        select (CAST(SYSDATE as timestamp) - CAST(abc.reservedupto as timestamp)) diff   
        from dual
     ); 
     l_total:=dayt*-1;
if l_total=0 then
     insert into reminder values('1',null,faculty,abc.typepub,abc.namepub || ' 1st Return Date Reminder',timer);
      insert into reminder values('2',null,faculty,abc.typepub,abc.namepub || ' 2nd Return Date Reminder',timer);
   elsif l_total<=2 and l_total>0 then
   insert into reminder values('1',null,faculty,abc.typepub,abc.namepub || ' 1st Return Date Reminder',timer);
      end if;
    end if;


     END LOOP;
    CLOSE checkoutinfofaculty;
    end if;
  END;

/
--------------------------------------------------------
--  DDL for Procedure UPDATEROOMRESERVATIONS
--------------------------------------------------------
set define off;

  CREATE OR REPLACE PROCEDURE "AAGRAWA6"."UPDATEROOMRESERVATIONS" 
IS
      l_total       INTEGER := 10000;
  hours numeric;
  dayt numeric;
      CURSOR checkoutinfostudent
      IS
    select * from TEMP1;
    abc TEMP1%ROWTYPE;
    abc1 roomreservation%ROWTYPE;
      BEGIN
  
     OPEN checkoutinfostudent;
     LOOP
        FETCH checkoutinfostudent INTO abc;
        EXIT WHEN checkoutinfostudent%NOTFOUND;
        select  
    extract( hour from diff ),extract(day from diff) into hours,dayt
from (
        select (CAST(SYSDATE as timestamp) - CAST(abc.starttime as timestamp)) diff   
        from dual
     ); 
    SYS.DBMS_OUTPUT.PUT_LINE(hours);
    select * into abc1 from roomreservation where reservationid=abc.reservationid;
    
     if abc.checkouttime IS NULL and ((hours>0 and dayt=0) or dayt>0) then
     insert into roomreservationnulllog values (abc1.roomid,abc1.starttime,abc1.endtime, abc1.studentnumber, abc1.facultynumber);
     delete from roomreservation where reservationid=abc.reservationid;
     elsif abc.checkouttime IS NOT NULL and ((hours>2 and dayt=0) or dayt>0) then
     update checkoutroom set checkintime=CAST(SYSDATE as timestamp) where reservationid=abc.reservationid;
      insert into roomreservationlog values (abc1.roomid,abc1.starttime,abc1.endtime, abc1.studentnumber, abc1.facultynumber);
     delete from roomreservation where reservationid=abc.reservationid;
     elsif ((hours>2 and dayt=0) or dayt>0) then
     insert into roomreservationnulllog values (abc1.roomid,abc1.starttime,abc1.endtime, abc1.studentnumber, abc1.facultynumber);
     delete from roomreservation where reservationid=abc.reservationid;
     end if;
     
     END LOOP;
    CLOSE checkoutinfostudent;

  END;

/
--------------------------------------------------------
--  DDL for Procedure UPDATEROOMRESERVATIONS1
--------------------------------------------------------
set define off;

  CREATE OR REPLACE PROCEDURE "AAGRAWA6"."UPDATEROOMRESERVATIONS1" 
IS
      l_total       INTEGER := 10000;
  hours numeric;
  dayt numeric;
      CURSOR checkoutinfostudent1
      IS
    select * from roomreservation;
    abc roomreservation%ROWTYPE;
    abc1 timestamp;
      BEGIN
  
     OPEN checkoutinfostudent1;
     LOOP
        FETCH checkoutinfostudent1 INTO abc;
        EXIT WHEN checkoutinfostudent1%NOTFOUND;
        select  
    extract( hour from diff ),
    extract( day from diff ) into hours, dayt
from (
        select (CAST(SYSDATE as timestamp) - CAST(abc.starttime as timestamp)) diff   
        from dual
     ); 
     begin
     select checkouttime into abc1 from checkoutroom where RESERVATIONID=abc.reservationid;
    EXCEPTION
      WHEN NO_DATA_FOUND THEN
        abc1:= NULL;
        end;
        
     if abc1 IS NULL and ((hours>0 and dayt=0) or dayt>0) then
     insert into roomreservationnulllog values (abc.roomid,abc.starttime,abc.endtime, abc.studentnumber, abc.facultynumber);
     delete from roomreservation where reservationid=abc.reservationid;
      end if;
     
     END LOOP;
    CLOSE checkoutinfostudent1;

  END;

/
